"Step","reversed_addition_mlp_3750_1 - test_acc","reversed_addition_mlp_3750_1 - test_acc__MIN","reversed_addition_mlp_3750_1 - test_acc__MAX","reversed_addition_mlp_3750_1 - train_acc","reversed_addition_mlp_3750_1 - train_acc__MIN","reversed_addition_mlp_3750_1 - train_acc__MAX","reversed_addition_mlp_3750_0 - test_acc","reversed_addition_mlp_3750_0 - test_acc__MIN","reversed_addition_mlp_3750_0 - test_acc__MAX","reversed_addition_mlp_3750_0 - train_acc","reversed_addition_mlp_3750_0 - train_acc__MIN","reversed_addition_mlp_3750_0 - train_acc__MAX","reversed_addition_mlp_3750_2 - test_acc","reversed_addition_mlp_3750_2 - test_acc__MIN","reversed_addition_mlp_3750_2 - test_acc__MAX","reversed_addition_mlp_3750_2 - train_acc","reversed_addition_mlp_3750_2 - train_acc__MIN","reversed_addition_mlp_3750_2 - train_acc__MAX","reversed_addition_mlp_5000_2 - test_acc","reversed_addition_mlp_5000_2 - test_acc__MIN","reversed_addition_mlp_5000_2 - test_acc__MAX","reversed_addition_mlp_5000_2 - train_acc","reversed_addition_mlp_5000_2 - train_acc__MIN","reversed_addition_mlp_5000_2 - train_acc__MAX","reversed_addition_mlp_5000_1 - test_acc","reversed_addition_mlp_5000_1 - test_acc__MIN","reversed_addition_mlp_5000_1 - test_acc__MAX","reversed_addition_mlp_5000_1 - train_acc","reversed_addition_mlp_5000_1 - train_acc__MIN","reversed_addition_mlp_5000_1 - train_acc__MAX","reversed_addition_mlp_5000_0 - test_acc","reversed_addition_mlp_5000_0 - test_acc__MIN","reversed_addition_mlp_5000_0 - test_acc__MAX","reversed_addition_mlp_5000_0 - train_acc","reversed_addition_mlp_5000_0 - train_acc__MIN","reversed_addition_mlp_5000_0 - train_acc__MAX","reversed_addition_mlp_2500_2 - test_acc","reversed_addition_mlp_2500_2 - test_acc__MIN","reversed_addition_mlp_2500_2 - test_acc__MAX","reversed_addition_mlp_2500_2 - train_acc","reversed_addition_mlp_2500_2 - train_acc__MIN","reversed_addition_mlp_2500_2 - train_acc__MAX","reversed_addition_mlp_2500_1 - test_acc","reversed_addition_mlp_2500_1 - test_acc__MIN","reversed_addition_mlp_2500_1 - test_acc__MAX","reversed_addition_mlp_2500_1 - train_acc","reversed_addition_mlp_2500_1 - train_acc__MIN","reversed_addition_mlp_2500_1 - train_acc__MAX","reversed_addition_mlp_2500_0 - test_acc","reversed_addition_mlp_2500_0 - test_acc__MIN","reversed_addition_mlp_2500_0 - test_acc__MAX","reversed_addition_mlp_2500_0 - train_acc","reversed_addition_mlp_2500_0 - train_acc__MIN","reversed_addition_mlp_2500_0 - train_acc__MAX","reversed_addition_mlp_20000_2 - test_acc","reversed_addition_mlp_20000_2 - test_acc__MIN","reversed_addition_mlp_20000_2 - test_acc__MAX","reversed_addition_mlp_20000_2 - train_acc","reversed_addition_mlp_20000_2 - train_acc__MIN","reversed_addition_mlp_20000_2 - train_acc__MAX","reversed_addition_mlp_20000_1 - test_acc","reversed_addition_mlp_20000_1 - test_acc__MIN","reversed_addition_mlp_20000_1 - test_acc__MAX","reversed_addition_mlp_20000_1 - train_acc","reversed_addition_mlp_20000_1 - train_acc__MIN","reversed_addition_mlp_20000_1 - train_acc__MAX","reversed_addition_mlp_20000_0 - test_acc","reversed_addition_mlp_20000_0 - test_acc__MIN","reversed_addition_mlp_20000_0 - test_acc__MAX","reversed_addition_mlp_20000_0 - train_acc","reversed_addition_mlp_20000_0 - train_acc__MIN","reversed_addition_mlp_20000_0 - train_acc__MAX","reversed_addition_mlp_15000_2 - test_acc","reversed_addition_mlp_15000_2 - test_acc__MIN","reversed_addition_mlp_15000_2 - test_acc__MAX","reversed_addition_mlp_15000_2 - train_acc","reversed_addition_mlp_15000_2 - train_acc__MIN","reversed_addition_mlp_15000_2 - train_acc__MAX","reversed_addition_mlp_15000_1 - test_acc","reversed_addition_mlp_15000_1 - test_acc__MIN","reversed_addition_mlp_15000_1 - test_acc__MAX","reversed_addition_mlp_15000_1 - train_acc","reversed_addition_mlp_15000_1 - train_acc__MIN","reversed_addition_mlp_15000_1 - train_acc__MAX","reversed_addition_mlp_15000_0 - test_acc","reversed_addition_mlp_15000_0 - test_acc__MIN","reversed_addition_mlp_15000_0 - test_acc__MAX","reversed_addition_mlp_15000_0 - train_acc","reversed_addition_mlp_15000_0 - train_acc__MIN","reversed_addition_mlp_15000_0 - train_acc__MAX","reversed_addition_mlp_1250_2 - test_acc","reversed_addition_mlp_1250_2 - test_acc__MIN","reversed_addition_mlp_1250_2 - test_acc__MAX","reversed_addition_mlp_1250_2 - train_acc","reversed_addition_mlp_1250_2 - train_acc__MIN","reversed_addition_mlp_1250_2 - train_acc__MAX","reversed_addition_mlp_1250_1 - test_acc","reversed_addition_mlp_1250_1 - test_acc__MIN","reversed_addition_mlp_1250_1 - test_acc__MAX","reversed_addition_mlp_1250_1 - train_acc","reversed_addition_mlp_1250_1 - train_acc__MIN","reversed_addition_mlp_1250_1 - train_acc__MAX","reversed_addition_mlp_1250_0 - test_acc","reversed_addition_mlp_1250_0 - test_acc__MIN","reversed_addition_mlp_1250_0 - test_acc__MAX","reversed_addition_mlp_1250_0 - train_acc","reversed_addition_mlp_1250_0 - train_acc__MIN","reversed_addition_mlp_1250_0 - train_acc__MAX","reversed_addition_mlp_10000_2 - test_acc","reversed_addition_mlp_10000_2 - test_acc__MIN","reversed_addition_mlp_10000_2 - test_acc__MAX","reversed_addition_mlp_10000_2 - train_acc","reversed_addition_mlp_10000_2 - train_acc__MIN","reversed_addition_mlp_10000_2 - train_acc__MAX","reversed_addition_mlp_10000_1 - test_acc","reversed_addition_mlp_10000_1 - test_acc__MIN","reversed_addition_mlp_10000_1 - test_acc__MAX","reversed_addition_mlp_10000_1 - train_acc","reversed_addition_mlp_10000_1 - train_acc__MIN","reversed_addition_mlp_10000_1 - train_acc__MAX","reversed_addition_mlp_10000_0 - test_acc","reversed_addition_mlp_10000_0 - test_acc__MIN","reversed_addition_mlp_10000_0 - test_acc__MAX","reversed_addition_mlp_10000_0 - train_acc","reversed_addition_mlp_10000_0 - train_acc__MIN","reversed_addition_mlp_10000_0 - train_acc__MAX"
"0","0.00012857142857142858","0.00012857142857142858","0.00012857142857142858","0","0","0","0.00002857142857142857","0.00002857142857142857","0.00002857142857142857","0.0002666666666666667","0.0002666666666666667","0.0002666666666666667","0","0","0","0.0002666666666666667","0.0002666666666666667","0.0002666666666666667","0","0","0","0.0002","0.0002","0.0002","0.0001","0.0001","0.0001","0.0002","0.0002","0.0002","0.000014285714285714285","0.000014285714285714285","0.000014285714285714285","0.0002","0.0002","0.0002","0","0","0","0.0004","0.0004","0.0004","0.00015714285714285713","0.00015714285714285713","0.00015714285714285713","0","0","0","0.00002857142857142857","0.00002857142857142857","0.00002857142857142857","0.0004","0.0004","0.0004","0","0","0","0.00005","0.00005","0.00005","0.00011428571428571428","0.00011428571428571428","0.00011428571428571428","0.00025","0.00025","0.00025","0.000042857142857142856","0.000042857142857142856","0.000042857142857142856","0.00005","0.00005","0.00005","0","0","0","0.00006666666666666667","0.00006666666666666667","0.00006666666666666667","0.00011428571428571428","0.00011428571428571428","0.00011428571428571428","0.0002666666666666667","0.0002666666666666667","0.0002666666666666667","0.000042857142857142856","0.000042857142857142856","0.000042857142857142856","0.00006666666666666667","0.00006666666666666667","0.00006666666666666667","0","0","0","0.0008","0.0008","0.0008","0.00014285714285714287","0.00014285714285714287","0.00014285714285714287","0","0","0","0.00002857142857142857","0.00002857142857142857","0.00002857142857142857","0.0008","0.0008","0.0008","0","0","0","0.0001","0.0001","0.0001","0.00012857142857142858","0.00012857142857142858","0.00012857142857142858","0.0002","0.0002","0.0002","0.00002857142857142857","0.00002857142857142857","0.00002857142857142857","0.0002","0.0002","0.0002"
"100","0.014114285714285715","0.014114285714285715","0.014114285714285715","0.09413333333333333","0.09413333333333333","0.09413333333333333","0.0136","0.0136","0.0136","0.09786666666666667","0.09786666666666667","0.09786666666666667","0.013857142857142858","0.013857142857142858","0.013857142857142858","0.0904","0.0904","0.0904","0.014357142857142857","0.014357142857142857","0.014357142857142857","0.0618","0.0618","0.0618","0.016114285714285713","0.016114285714285713","0.016114285714285713","0.0742","0.0742","0.0742","0.013214285714285715","0.013214285714285715","0.013214285714285715","0.059","0.059","0.059","0.012185714285714286","0.012185714285714286","0.012185714285714286","0.1448","0.1448","0.1448","0.013971428571428572","0.013971428571428572","0.013971428571428572","0.168","0.168","0.168","0.013414285714285714","0.013414285714285714","0.013414285714285714","0.1496","0.1496","0.1496","0.005485714285714286","0.005485714285714286","0.005485714285714286","0.00755","0.00755","0.00755","0.006314285714285714","0.006314285714285714","0.006314285714285714","0.0084","0.0084","0.0084","0.005971428571428571","0.005971428571428571","0.005971428571428571","0.0088","0.0088","0.0088","0.0062","0.0062","0.0062","0.011133333333333334","0.011133333333333334","0.011133333333333334","0.008028571428571428","0.008028571428571428","0.008028571428571428","0.015066666666666667","0.015066666666666667","0.015066666666666667","0.006871428571428572","0.006871428571428572","0.006871428571428572","0.0124","0.0124","0.0124","0.006928571428571429","0.006928571428571429","0.006928571428571429","0.2616","0.2616","0.2616","0.008457142857142858","0.008457142857142858","0.008457142857142858","0.2848","0.2848","0.2848","0.008157142857142858","0.008157142857142858","0.008157142857142858","0.3048","0.3048","0.3048","0.008914285714285715","0.008914285714285715","0.008914285714285715","0.0185","0.0185","0.0185","0.011157142857142857","0.011157142857142857","0.011157142857142857","0.0257","0.0257","0.0257","0.008742857142857142","0.008742857142857142","0.008742857142857142","0.0204","0.0204","0.0204"
"200","0.05581428571428571","0.05581428571428571","0.05581428571428571","0.4024","0.4024","0.4024","0.04937142857142857","0.04937142857142857","0.04937142857142857","0.38906666666666667","0.38906666666666667","0.38906666666666667","0.048214285714285716","0.048214285714285716","0.048214285714285716","0.38133333333333336","0.38133333333333336","0.38133333333333336","0.06841428571428572","0.06841428571428572","0.06841428571428572","0.3422","0.3422","0.3422","0.07664285714285714","0.07664285714285714","0.07664285714285714","0.3674","0.3674","0.3674","0.06972857142857143","0.06972857142857143","0.06972857142857143","0.347","0.347","0.347","0.026828571428571427","0.026828571428571427","0.026828571428571427","0.448","0.448","0.448","0.03265714285714286","0.03265714285714286","0.03265714285714286","0.4928","0.4928","0.4928","0.029157142857142857","0.029157142857142857","0.029157142857142857","0.442","0.442","0.442","0.16605714285714285","0.16605714285714285","0.16605714285714285","0.22725","0.22725","0.22725","0.18758571428571427","0.18758571428571427","0.18758571428571427","0.24765","0.24765","0.24765","0.1695142857142857","0.1695142857142857","0.1695142857142857","0.22095","0.22095","0.22095","0.15975714285714285","0.15975714285714285","0.15975714285714285","0.2578","0.2578","0.2578","0.17815714285714285","0.17815714285714285","0.17815714285714285","0.2760666666666667","0.2760666666666667","0.2760666666666667","0.16338571428571427","0.16338571428571427","0.16338571428571427","0.2508","0.2508","0.2508","0.011942857142857142","0.011942857142857142","0.011942857142857142","0.6408","0.6408","0.6408","0.01277142857142857","0.01277142857142857","0.01277142857142857","0.66","0.66","0.66","0.012285714285714285","0.012285714285714285","0.012285714285714285","0.6656","0.6656","0.6656","0.13467142857142858","0.13467142857142858","0.13467142857142858","0.2701","0.2701","0.2701","0.14335714285714285","0.14335714285714285","0.14335714285714285","0.3023","0.3023","0.3023","0.1372","0.1372","0.1372","0.2858","0.2858","0.2858"
"300","0.08714285714285715","0.08714285714285715","0.08714285714285715","0.6168","0.6168","0.6168","0.08334285714285715","0.08334285714285715","0.08334285714285715","0.6053333333333333","0.6053333333333333","0.6053333333333333","0.07672857142857142","0.07672857142857142","0.07672857142857142","0.5901333333333333","0.5901333333333333","0.5901333333333333","0.1165","0.1165","0.1165","0.5474","0.5474","0.5474","0.12341428571428571","0.12341428571428571","0.12341428571428571","0.564","0.564","0.564","0.1173","0.1173","0.1173","0.5402","0.5402","0.5402","0.0416","0.0416","0.0416","0.6848","0.6848","0.6848","0.04632857142857143","0.04632857142857143","0.04632857142857143","0.694","0.694","0.694","0.04637142857142857","0.04637142857142857","0.04637142857142857","0.6724","0.6724","0.6724","0.2468","0.2468","0.2468","0.36065","0.36065","0.36065","0.25284285714285715","0.25284285714285715","0.25284285714285715","0.36445","0.36445","0.36445","0.25147142857142857","0.25147142857142857","0.25147142857142857","0.35595","0.35595","0.35595","0.23875714285714286","0.23875714285714286","0.23875714285714286","0.40246666666666664","0.40246666666666664","0.40246666666666664","0.2319142857142857","0.2319142857142857","0.2319142857142857","0.39486666666666664","0.39486666666666664","0.39486666666666664","0.2354857142857143","0.2354857142857143","0.2354857142857143","0.3924","0.3924","0.3924","0.0131","0.0131","0.0131","0.8104","0.8104","0.8104","0.015042857142857143","0.015042857142857143","0.015042857142857143","0.8248","0.8248","0.8248","0.01337142857142857","0.01337142857142857","0.01337142857142857","0.8248","0.8248","0.8248","0.20424285714285714","0.20424285714285714","0.20424285714285714","0.4451","0.4451","0.4451","0.20388571428571428","0.20388571428571428","0.20388571428571428","0.4526","0.4526","0.4526","0.20704285714285714","0.20704285714285714","0.20704285714285714","0.4562","0.4562","0.4562"
"400","0.11667142857142856","0.11667142857142856","0.11667142857142856","0.7213333333333334","0.7213333333333334","0.7213333333333334","0.11667142857142856","0.11667142857142856","0.11667142857142856","0.7506666666666667","0.7506666666666667","0.7506666666666667","0.10137142857142857","0.10137142857142857","0.10137142857142857","0.7256","0.7256","0.7256","0.1487857142857143","0.1487857142857143","0.1487857142857143","0.6834","0.6834","0.6834","0.1538","0.1538","0.1538","0.6854","0.6854","0.6854","0.15632857142857143","0.15632857142857143","0.15632857142857143","0.6778","0.6778","0.6778","0.05361428571428571","0.05361428571428571","0.05361428571428571","0.8028","0.8028","0.8028","0.05922857142857143","0.05922857142857143","0.05922857142857143","0.8136","0.8136","0.8136","0.059457142857142854","0.059457142857142854","0.059457142857142854","0.8188","0.8188","0.8188","0.31175714285714284","0.31175714285714284","0.31175714285714284","0.4723","0.4723","0.4723","0.3190857142857143","0.3190857142857143","0.3190857142857143","0.47965","0.47965","0.47965","0.3130142857142857","0.3130142857142857","0.3130142857142857","0.4757","0.4757","0.4757","0.2746142857142857","0.2746142857142857","0.2746142857142857","0.504","0.504","0.504","0.27617142857142857","0.27617142857142857","0.27617142857142857","0.49493333333333334","0.49493333333333334","0.49493333333333334","0.27955714285714284","0.27955714285714284","0.27955714285714284","0.4916","0.4916","0.4916","0.014342857142857143","0.014342857142857143","0.014342857142857143","0.8928","0.8928","0.8928","0.016428571428571428","0.016428571428571428","0.016428571428571428","0.888","0.888","0.888","0.016014285714285714","0.016014285714285714","0.016014285714285714","0.9104","0.9104","0.9104","0.2324","0.2324","0.2324","0.55","0.55","0.55","0.23638571428571428","0.23638571428571428","0.23638571428571428","0.553","0.553","0.553","0.23722857142857143","0.23722857142857143","0.23722857142857143","0.5512","0.5512","0.5512"
"500","0.13514285714285715","0.13514285714285715","0.13514285714285715","0.8130666666666667","0.8130666666666667","0.8130666666666667","0.13002857142857144","0.13002857142857144","0.13002857142857144","0.8181333333333334","0.8181333333333334","0.8181333333333334","0.12167142857142857","0.12167142857142857","0.12167142857142857","0.8165333333333333","0.8165333333333333","0.8165333333333333","0.1732","0.1732","0.1732","0.7712","0.7712","0.7712","0.17817142857142856","0.17817142857142856","0.17817142857142856","0.764","0.764","0.764","0.17635714285714285","0.17635714285714285","0.17635714285714285","0.7758","0.7758","0.7758","0.06262857142857142","0.06262857142857142","0.06262857142857142","0.8832","0.8832","0.8832","0.06938571428571429","0.06938571428571429","0.06938571428571429","0.882","0.882","0.882","0.06767142857142858","0.06767142857142858","0.06767142857142858","0.8876","0.8876","0.8876","0.38967142857142856","0.38967142857142856","0.38967142857142856","0.5879","0.5879","0.5879","0.3939","0.3939","0.3939","0.577","0.577","0.577","0.38134285714285715","0.38134285714285715","0.38134285714285715","0.57445","0.57445","0.57445","0.3217285714285714","0.3217285714285714","0.3217285714285714","0.5866","0.5866","0.5866","0.31767142857142855","0.31767142857142855","0.31767142857142855","0.5695333333333333","0.5695333333333333","0.5695333333333333","0.33025714285714286","0.33025714285714286","0.33025714285714286","0.5961333333333333","0.5961333333333333","0.5961333333333333","0.01447142857142857","0.01447142857142857","0.01447142857142857","0.936","0.936","0.936","0.015885714285714284","0.015885714285714284","0.015885714285714284","0.9304","0.9304","0.9304","0.01647142857142857","0.01647142857142857","0.01647142857142857","0.9336","0.9336","0.9336","0.2546285714285714","0.2546285714285714","0.2546285714285714","0.6255","0.6255","0.6255","0.26327142857142855","0.26327142857142855","0.26327142857142855","0.6263","0.6263","0.6263","0.2634285714285714","0.2634285714285714","0.2634285714285714","0.6305","0.6305","0.6305"
"600","0.1405142857142857","0.1405142857142857","0.1405142857142857","0.8634666666666667","0.8634666666666667","0.8634666666666667","0.1375","0.1375","0.1375","0.8752","0.8752","0.8752","0.1273857142857143","0.1273857142857143","0.1273857142857143","0.8701333333333333","0.8701333333333333","0.8701333333333333","0.1846857142857143","0.1846857142857143","0.1846857142857143","0.8218","0.8218","0.8218","0.18592857142857142","0.18592857142857142","0.18592857142857142","0.8198","0.8198","0.8198","0.18751428571428572","0.18751428571428572","0.18751428571428572","0.8144","0.8144","0.8144","0.0625","0.0625","0.0625","0.9156","0.9156","0.9156","0.07075714285714285","0.07075714285714285","0.07075714285714285","0.9184","0.9184","0.9184","0.06872857142857143","0.06872857142857143","0.06872857142857143","0.9236","0.9236","0.9236","0.4636571428571429","0.4636571428571429","0.4636571428571429","0.67585","0.67585","0.67585","0.46387142857142855","0.46387142857142855","0.46387142857142855","0.6667","0.6667","0.6667","0.4549142857142857","0.4549142857142857","0.4549142857142857","0.6609","0.6609","0.6609","0.3725857142857143","0.3725857142857143","0.3725857142857143","0.6507333333333334","0.6507333333333334","0.6507333333333334","0.36357142857142855","0.36357142857142855","0.36357142857142855","0.6569333333333334","0.6569333333333334","0.6569333333333334","0.3794142857142857","0.3794142857142857","0.3794142857142857","0.6683333333333333","0.6683333333333333","0.6683333333333333","0.0142","0.0142","0.0142","0.9432","0.9432","0.9432","0.01612857142857143","0.01612857142857143","0.01612857142857143","0.944","0.944","0.944","0.016957142857142858","0.016957142857142858","0.016957142857142858","0.9488","0.9488","0.9488","0.2828857142857143","0.2828857142857143","0.2828857142857143","0.6963","0.6963","0.6963","0.29165714285714284","0.29165714285714284","0.29165714285714284","0.6884","0.6884","0.6884","0.28887142857142856","0.28887142857142856","0.28887142857142856","0.6993","0.6993","0.6993"
"700","0.14494285714285715","0.14494285714285715","0.14494285714285715","0.9018666666666667","0.9018666666666667","0.9018666666666667","0.14034285714285713","0.14034285714285713","0.14034285714285713","0.9093333333333333","0.9093333333333333","0.9093333333333333","0.13127142857142857","0.13127142857142857","0.13127142857142857","0.9093333333333333","0.9093333333333333","0.9093333333333333","0.18345714285714285","0.18345714285714285","0.18345714285714285","0.8454","0.8454","0.8454","0.18998571428571429","0.18998571428571429","0.18998571428571429","0.8632","0.8632","0.8632","0.19407142857142856","0.19407142857142856","0.19407142857142856","0.8672","0.8672","0.8672","0.058042857142857146","0.058042857142857146","0.058042857142857146","0.934","0.934","0.934","0.07237142857142857","0.07237142857142857","0.07237142857142857","0.9408","0.9408","0.9408","0.06674285714285715","0.06674285714285715","0.06674285714285715","0.9384","0.9384","0.9384","0.5368857142857143","0.5368857142857143","0.5368857142857143","0.7404","0.7404","0.7404","0.5431714285714285","0.5431714285714285","0.5431714285714285","0.7438","0.7438","0.7438","0.5413714285714286","0.5413714285714286","0.5413714285714286","0.75005","0.75005","0.75005","0.4271142857142857","0.4271142857142857","0.4271142857142857","0.7310666666666666","0.7310666666666666","0.7310666666666666","0.41544285714285717","0.41544285714285717","0.41544285714285717","0.7144666666666667","0.7144666666666667","0.7144666666666667","0.4248571428571429","0.4248571428571429","0.4248571428571429","0.7294666666666667","0.7294666666666667","0.7294666666666667","0.014157142857142858","0.014157142857142858","0.014157142857142858","0.9624","0.9624","0.9624","0.016428571428571428","0.016428571428571428","0.016428571428571428","0.9632","0.9632","0.9632","0.015614285714285714","0.015614285714285714","0.015614285714285714","0.9544","0.9544","0.9544","0.30365714285714285","0.30365714285714285","0.30365714285714285","0.7323","0.7323","0.7323","0.3136285714285714","0.3136285714285714","0.3136285714285714","0.7454","0.7454","0.7454","0.3131857142857143","0.3131857142857143","0.3131857142857143","0.7428","0.7428","0.7428"
"800","0.14477142857142858","0.14477142857142858","0.14477142857142858","0.9216","0.9216","0.9216","0.13667142857142858","0.13667142857142858","0.13667142857142858","0.9296","0.9296","0.9296","0.1332","0.1332","0.1332","0.9237333333333333","0.9237333333333333","0.9237333333333333","0.19085714285714286","0.19085714285714286","0.19085714285714286","0.8758","0.8758","0.8758","0.19444285714285714","0.19444285714285714","0.19444285714285714","0.884","0.884","0.884","0.1964","0.1964","0.1964","0.8896","0.8896","0.8896","0.06232857142857143","0.06232857142857143","0.06232857142857143","0.9544","0.9544","0.9544","0.06844285714285714","0.06844285714285714","0.06844285714285714","0.9528","0.9528","0.9528","0.06337142857142856","0.06337142857142856","0.06337142857142856","0.9408","0.9408","0.9408","0.5985571428571429","0.5985571428571429","0.5985571428571429","0.79765","0.79765","0.79765","0.6110571428571429","0.6110571428571429","0.6110571428571429","0.79625","0.79625","0.79625","0.6136571428571429","0.6136571428571429","0.6136571428571429","0.8089","0.8089","0.8089","0.47624285714285713","0.47624285714285713","0.47624285714285713","0.7754666666666666","0.7754666666666666","0.7754666666666666","0.464","0.464","0.464","0.7606","0.7606","0.7606","0.4670142857142857","0.4670142857142857","0.4670142857142857","0.7703333333333333","0.7703333333333333","0.7703333333333333","0.014742857142857143","0.014742857142857143","0.014742857142857143","0.976","0.976","0.976","0.015171428571428572","0.015171428571428572","0.015171428571428572","0.9752","0.9752","0.9752","0.015714285714285715","0.015714285714285715","0.015714285714285715","0.9736","0.9736","0.9736","0.32454285714285713","0.32454285714285713","0.32454285714285713","0.7789","0.7789","0.7789","0.3348285714285714","0.3348285714285714","0.3348285714285714","0.7827","0.7827","0.7827","0.3343285714285714","0.3343285714285714","0.3343285714285714","0.7855","0.7855","0.7855"
"900","0.13964285714285715","0.13964285714285715","0.13964285714285715","0.9402666666666667","0.9402666666666667","0.9402666666666667","0.13452857142857144","0.13452857142857144","0.13452857142857144","0.9336","0.9336","0.9336","0.13147142857142857","0.13147142857142857","0.13147142857142857","0.9437333333333333","0.9437333333333333","0.9437333333333333","0.1931","0.1931","0.1931","0.9046","0.9046","0.9046","0.19552857142857144","0.19552857142857144","0.19552857142857144","0.9078","0.9078","0.9078","0.19614285714285715","0.19614285714285715","0.19614285714285715","0.9024","0.9024","0.9024","0.061214285714285714","0.061214285714285714","0.061214285714285714","0.9652","0.9652","0.9652","0.06811428571428571","0.06811428571428571","0.06811428571428571","0.9632","0.9632","0.9632","0.06572857142857143","0.06572857142857143","0.06572857142857143","0.9588","0.9588","0.9588","0.6511857142857143","0.6511857142857143","0.6511857142857143","0.8347","0.8347","0.8347","0.6666571428571428","0.6666571428571428","0.6666571428571428","0.83585","0.83585","0.83585","0.6658714285714286","0.6658714285714286","0.6658714285714286","0.8423","0.8423","0.8423","0.5247142857142857","0.5247142857142857","0.5247142857142857","0.8136","0.8136","0.8136","0.5145571428571428","0.5145571428571428","0.5145571428571428","0.8109333333333333","0.8109333333333333","0.8109333333333333","0.5091","0.5091","0.5091","0.8141333333333334","0.8141333333333334","0.8141333333333334","0.015442857142857144","0.015442857142857144","0.015442857142857144","0.9832","0.9832","0.9832","0.016757142857142856","0.016757142857142856","0.016757142857142856","0.9752","0.9752","0.9752","0.01537142857142857","0.01537142857142857","0.01537142857142857","0.9808","0.9808","0.9808","0.3514285714285714","0.3514285714285714","0.3514285714285714","0.8175","0.8175","0.8175","0.3543142857142857","0.3543142857142857","0.3543142857142857","0.8171","0.8171","0.8171","0.3546142857142857","0.3546142857142857","0.3546142857142857","0.8155","0.8155","0.8155"
"1000","0.1427142857142857","0.1427142857142857","0.1427142857142857","0.9504","0.9504","0.9504","0.13617142857142858","0.13617142857142858","0.13617142857142858","0.948","0.948","0.948","0.12554285714285715","0.12554285714285715","0.12554285714285715","0.9464","0.9464","0.9464","0.1915","0.1915","0.1915","0.9282","0.9282","0.9282","0.19904285714285713","0.19904285714285713","0.19904285714285713","0.9318","0.9318","0.9318","0.19864285714285715","0.19864285714285715","0.19864285714285715","0.932","0.932","0.932","0.061771428571428574","0.061771428571428574","0.061771428571428574","0.9716","0.9716","0.9716","0.06674285714285715","0.06674285714285715","0.06674285714285715","0.9716","0.9716","0.9716","0.06717142857142858","0.06717142857142858","0.06717142857142858","0.9748","0.9748","0.9748","0.6954428571428571","0.6954428571428571","0.6954428571428571","0.8619","0.8619","0.8619","0.7045714285714286","0.7045714285714286","0.7045714285714286","0.8621","0.8621","0.8621","0.6969","0.6969","0.6969","0.86475","0.86475","0.86475","0.5739285714285715","0.5739285714285715","0.5739285714285715","0.8545333333333334","0.8545333333333334","0.8545333333333334","0.5488142857142857","0.5488142857142857","0.5488142857142857","0.8372","0.8372","0.8372","0.5535571428571429","0.5535571428571429","0.5535571428571429","0.8465333333333334","0.8465333333333334","0.8465333333333334","0.015428571428571429","0.015428571428571429","0.015428571428571429","0.988","0.988","0.988","0.01662857142857143","0.01662857142857143","0.01662857142857143","0.9864","0.9864","0.9864","0.014642857142857143","0.014642857142857143","0.014642857142857143","0.9792","0.9792","0.9792","0.3725428571428571","0.3725428571428571","0.3725428571428571","0.8426","0.8426","0.8426","0.37464285714285717","0.37464285714285717","0.37464285714285717","0.8465","0.8465","0.8465","0.37211428571428573","0.37211428571428573","0.37211428571428573","0.8481","0.8481","0.8481"
"1100","0.13805714285714285","0.13805714285714285","0.13805714285714285","0.9552","0.9552","0.9552","0.13187142857142858","0.13187142857142858","0.13187142857142858","0.9522666666666667","0.9522666666666667","0.9522666666666667","0.1311","0.1311","0.1311","0.9536","0.9536","0.9536","0.1986","0.1986","0.1986","0.948","0.948","0.948","0.1939857142857143","0.1939857142857143","0.1939857142857143","0.9326","0.9326","0.9326","0.19504285714285716","0.19504285714285716","0.19504285714285716","0.9286","0.9286","0.9286","0.061157142857142854","0.061157142857142854","0.061157142857142854","0.9784","0.9784","0.9784","0.06828571428571428","0.06828571428571428","0.06828571428571428","0.9768","0.9768","0.9768","0.06682857142857143","0.06682857142857143","0.06682857142857143","0.9772","0.9772","0.9772","0.7175714285714285","0.7175714285714285","0.7175714285714285","0.87545","0.87545","0.87545","0.7286","0.7286","0.7286","0.87255","0.87255","0.87255","0.7176285714285714","0.7176285714285714","0.7176285714285714","0.8802","0.8802","0.8802","0.6081571428571428","0.6081571428571428","0.6081571428571428","0.8754666666666666","0.8754666666666666","0.8754666666666666","0.5923285714285714","0.5923285714285714","0.5923285714285714","0.8686666666666667","0.8686666666666667","0.8686666666666667","0.5793","0.5793","0.5793","0.8687333333333334","0.8687333333333334","0.8687333333333334","0.014228571428571429","0.014228571428571429","0.014228571428571429","0.9888","0.9888","0.9888","0.01584285714285714","0.01584285714285714","0.01584285714285714","0.9856","0.9856","0.9856","0.0162","0.0162","0.0162","0.9936","0.9936","0.9936","0.3844142857142857","0.3844142857142857","0.3844142857142857","0.8631","0.8631","0.8631","0.39734285714285716","0.39734285714285716","0.39734285714285716","0.8723","0.8723","0.8723","0.3895571428571429","0.3895571428571429","0.3895571428571429","0.8696","0.8696","0.8696"
"1200","0.1357142857142857","0.1357142857142857","0.1357142857142857","0.9642666666666667","0.9642666666666667","0.9642666666666667","0.13231428571428572","0.13231428571428572","0.13231428571428572","0.9624","0.9624","0.9624","0.12665714285714286","0.12665714285714286","0.12665714285714286","0.9576","0.9576","0.9576","0.19127142857142856","0.19127142857142856","0.19127142857142856","0.949","0.949","0.949","0.19711428571428571","0.19711428571428571","0.19711428571428571","0.9472","0.9472","0.9472","0.1964857142857143","0.1964857142857143","0.1964857142857143","0.9474","0.9474","0.9474","0.06004285714285714","0.06004285714285714","0.06004285714285714","0.984","0.984","0.984","0.06772857142857143","0.06772857142857143","0.06772857142857143","0.98","0.98","0.98","0.06675714285714286","0.06675714285714286","0.06675714285714286","0.9812","0.9812","0.9812","0.7522","0.7522","0.7522","0.8966","0.8966","0.8966","0.7636","0.7636","0.7636","0.89215","0.89215","0.89215","0.7396714285714285","0.7396714285714285","0.7396714285714285","0.8911","0.8911","0.8911","0.6377857142857143","0.6377857142857143","0.6377857142857143","0.8952666666666667","0.8952666666666667","0.8952666666666667","0.6305285714285714","0.6305285714285714","0.6305285714285714","0.8881333333333333","0.8881333333333333","0.8881333333333333","0.6106428571428572","0.6106428571428572","0.6106428571428572","0.8869333333333334","0.8869333333333334","0.8869333333333334","0.014085714285714286","0.014085714285714286","0.014085714285714286","0.992","0.992","0.992","0.016042857142857143","0.016042857142857143","0.016042857142857143","0.9912","0.9912","0.9912","0.01767142857142857","0.01767142857142857","0.01767142857142857","0.9912","0.9912","0.9912","0.40431428571428574","0.40431428571428574","0.40431428571428574","0.8815","0.8815","0.8815","0.4159857142857143","0.4159857142857143","0.4159857142857143","0.8908","0.8908","0.8908","0.40581428571428574","0.40581428571428574","0.40581428571428574","0.8909","0.8909","0.8909"
"1300","0.13205714285714285","0.13205714285714285","0.13205714285714285","0.9677333333333333","0.9677333333333333","0.9677333333333333","0.13215714285714286","0.13215714285714286","0.13215714285714286","0.9690666666666666","0.9690666666666666","0.9690666666666666","0.1297","0.1297","0.1297","0.9728","0.9728","0.9728","0.18887142857142858","0.18887142857142858","0.18887142857142858","0.955","0.955","0.955","0.19202857142857144","0.19202857142857144","0.19202857142857144","0.953","0.953","0.953","0.19502857142857144","0.19502857142857144","0.19502857142857144","0.951","0.951","0.951","0.058442857142857144","0.058442857142857144","0.058442857142857144","0.9844","0.9844","0.9844","0.06737142857142857","0.06737142857142857","0.06737142857142857","0.9804","0.9804","0.9804","0.06612857142857143","0.06612857142857143","0.06612857142857143","0.982","0.982","0.982","0.7694","0.7694","0.7694","0.90715","0.90715","0.90715","0.7787","0.7787","0.7787","0.9079","0.9079","0.9079","0.7537","0.7537","0.7537","0.90595","0.90595","0.90595","0.6649714285714285","0.6649714285714285","0.6649714285714285","0.9100666666666667","0.9100666666666667","0.9100666666666667","0.6511714285714286","0.6511714285714286","0.6511714285714286","0.9028","0.9028","0.9028","0.6269142857142858","0.6269142857142858","0.6269142857142858","0.8997333333333334","0.8997333333333334","0.8997333333333334","0.013942857142857142","0.013942857142857142","0.013942857142857142","0.9904","0.9904","0.9904","0.016957142857142858","0.016957142857142858","0.016957142857142858","0.9904","0.9904","0.9904","0.01632857142857143","0.01632857142857143","0.01632857142857143","0.9936","0.9936","0.9936","0.4190285714285714","0.4190285714285714","0.4190285714285714","0.9008","0.9008","0.9008","0.4272142857142857","0.4272142857142857","0.4272142857142857","0.8966","0.8966","0.8966","0.4173857142857143","0.4173857142857143","0.4173857142857143","0.9019","0.9019","0.9019"
"1400","0.1261","0.1261","0.1261","0.9752","0.9752","0.9752","0.12862857142857143","0.12862857142857143","0.12862857142857143","0.9645333333333334","0.9645333333333334","0.9645333333333334","0.12525714285714284","0.12525714285714284","0.12525714285714284","0.9738666666666667","0.9738666666666667","0.9738666666666667","0.18962857142857142","0.18962857142857142","0.18962857142857142","0.9612","0.9612","0.9612","0.19281428571428572","0.19281428571428572","0.19281428571428572","0.9556","0.9556","0.9556","0.19495714285714286","0.19495714285714286","0.19495714285714286","0.9554","0.9554","0.9554","0.05688571428571428","0.05688571428571428","0.05688571428571428","0.9872","0.9872","0.9872","0.06747142857142857","0.06747142857142857","0.06747142857142857","0.9876","0.9876","0.9876","0.06268571428571429","0.06268571428571429","0.06268571428571429","0.982","0.982","0.982","0.7797714285714286","0.7797714285714286","0.7797714285714286","0.91005","0.91005","0.91005","0.7913142857142857","0.7913142857142857","0.7913142857142857","0.9102","0.9102","0.9102","0.7655142857142857","0.7655142857142857","0.7655142857142857","0.91005","0.91005","0.91005","0.6865571428571429","0.6865571428571429","0.6865571428571429","0.9166666666666666","0.9166666666666666","0.9166666666666666","0.6734285714285714","0.6734285714285714","0.6734285714285714","0.9066","0.9066","0.9066","0.6391571428571429","0.6391571428571429","0.6391571428571429","0.9058666666666667","0.9058666666666667","0.9058666666666667","0.014342857142857143","0.014342857142857143","0.014342857142857143","0.9928","0.9928","0.9928","0.015985714285714287","0.015985714285714287","0.015985714285714287","0.9904","0.9904","0.9904","0.016057142857142857","0.016057142857142857","0.016057142857142857","0.9912","0.9912","0.9912","0.4360857142857143","0.4360857142857143","0.4360857142857143","0.9138","0.9138","0.9138","0.4484142857142857","0.4484142857142857","0.4484142857142857","0.9178","0.9178","0.9178","0.43438571428571426","0.43438571428571426","0.43438571428571426","0.913","0.913","0.913"
"1500","0.13014285714285714","0.13014285714285714","0.13014285714285714","0.9794666666666667","0.9794666666666667","0.9794666666666667","0.13158571428571428","0.13158571428571428","0.13158571428571428","0.9792","0.9792","0.9792","0.12685714285714286","0.12685714285714286","0.12685714285714286","0.9784","0.9784","0.9784","0.1867","0.1867","0.1867","0.9642","0.9642","0.9642","0.19412857142857143","0.19412857142857143","0.19412857142857143","0.9658","0.9658","0.9658","0.19072857142857144","0.19072857142857144","0.19072857142857144","0.96","0.96","0.96","0.056342857142857146","0.056342857142857146","0.056342857142857146","0.9848","0.9848","0.9848","0.06702857142857142","0.06702857142857142","0.06702857142857142","0.9864","0.9864","0.9864","0.06278571428571429","0.06278571428571429","0.06278571428571429","0.9852","0.9852","0.9852","0.7966142857142857","0.7966142857142857","0.7966142857142857","0.92225","0.92225","0.92225","0.7952571428571429","0.7952571428571429","0.7952571428571429","0.9146","0.9146","0.9146","0.7780857142857143","0.7780857142857143","0.7780857142857143","0.91815","0.91815","0.91815","0.7001285714285714","0.7001285714285714","0.7001285714285714","0.9230666666666667","0.9230666666666667","0.9230666666666667","0.6950714285714286","0.6950714285714286","0.6950714285714286","0.9178","0.9178","0.9178","0.6565428571428571","0.6565428571428571","0.6565428571428571","0.9175333333333333","0.9175333333333333","0.9175333333333333","0.013642857142857142","0.013642857142857142","0.013642857142857142","0.992","0.992","0.992","0.01635714285714286","0.01635714285714286","0.01635714285714286","0.992","0.992","0.992","0.015214285714285715","0.015214285714285715","0.015214285714285715","0.988","0.988","0.988","0.4525142857142857","0.4525142857142857","0.4525142857142857","0.9269","0.9269","0.9269","0.4559142857142857","0.4559142857142857","0.4559142857142857","0.9185","0.9185","0.9185","0.44595714285714283","0.44595714285714283","0.44595714285714283","0.929","0.929","0.929"
"1600","0.1291","0.1291","0.1291","0.9805333333333334","0.9805333333333334","0.9805333333333334","0.1273142857142857","0.1273142857142857","0.1273142857142857","0.9797333333333333","0.9797333333333333","0.9797333333333333","0.12505714285714287","0.12505714285714287","0.12505714285714287","0.9824","0.9824","0.9824","0.18844285714285713","0.18844285714285713","0.18844285714285713","0.9704","0.9704","0.9704","0.19752857142857144","0.19752857142857144","0.19752857142857144","0.9678","0.9678","0.9678","0.18607142857142858","0.18607142857142858","0.18607142857142858","0.9692","0.9692","0.9692","0.05372857142857143","0.05372857142857143","0.05372857142857143","0.9868","0.9868","0.9868","0.06394285714285715","0.06394285714285715","0.06394285714285715","0.9924","0.9924","0.9924","0.0613","0.0613","0.0613","0.988","0.988","0.988","0.8022","0.8022","0.8022","0.92395","0.92395","0.92395","0.8062285714285714","0.8062285714285714","0.8062285714285714","0.9212","0.9212","0.9212","0.7832285714285714","0.7832285714285714","0.7832285714285714","0.92145","0.92145","0.92145","0.7169142857142857","0.7169142857142857","0.7169142857142857","0.9319333333333333","0.9319333333333333","0.9319333333333333","0.7119285714285715","0.7119285714285715","0.7119285714285715","0.9278","0.9278","0.9278","0.6691285714285714","0.6691285714285714","0.6691285714285714","0.9182666666666667","0.9182666666666667","0.9182666666666667","0.013942857142857142","0.013942857142857142","0.013942857142857142","0.9896","0.9896","0.9896","0.015742857142857142","0.015742857142857142","0.015742857142857142","0.992","0.992","0.992","0.016257142857142855","0.016257142857142855","0.016257142857142855","0.9896","0.9896","0.9896","0.46562857142857145","0.46562857142857145","0.46562857142857145","0.9402","0.9402","0.9402","0.4659","0.4659","0.4659","0.9328","0.9328","0.9328","0.45352857142857145","0.45352857142857145","0.45352857142857145","0.9365","0.9365","0.9365"
"1700","0.12828571428571428","0.12828571428571428","0.12828571428571428","0.9872","0.9872","0.9872","0.1279142857142857","0.1279142857142857","0.1279142857142857","0.9864","0.9864","0.9864","0.12325714285714286","0.12325714285714286","0.12325714285714286","0.9829333333333333","0.9829333333333333","0.9829333333333333","0.18594285714285713","0.18594285714285713","0.18594285714285713","0.9728","0.9728","0.9728","0.18887142857142858","0.18887142857142858","0.18887142857142858","0.9678","0.9678","0.9678","0.1903","0.1903","0.1903","0.9748","0.9748","0.9748","0.05878571428571429","0.05878571428571429","0.05878571428571429","0.9916","0.9916","0.9916","0.06434285714285715","0.06434285714285715","0.06434285714285715","0.9892","0.9892","0.9892","0.0629","0.0629","0.0629","0.988","0.988","0.988","0.8093428571428571","0.8093428571428571","0.8093428571428571","0.9289","0.9289","0.9289","0.8165142857142857","0.8165142857142857","0.8165142857142857","0.92945","0.92945","0.92945","0.7866857142857143","0.7866857142857143","0.7866857142857143","0.92705","0.92705","0.92705","0.7272142857142857","0.7272142857142857","0.7272142857142857","0.9376666666666666","0.9376666666666666","0.9376666666666666","0.7191428571428572","0.7191428571428572","0.7191428571428572","0.9343333333333333","0.9343333333333333","0.9343333333333333","0.6820142857142857","0.6820142857142857","0.6820142857142857","0.9302666666666667","0.9302666666666667","0.9302666666666667","0.013742857142857143","0.013742857142857143","0.013742857142857143","0.9944","0.9944","0.9944","0.014842857142857142","0.014842857142857142","0.014842857142857142","0.9936","0.9936","0.9936","0.015914285714285714","0.015914285714285714","0.015914285714285714","0.9944","0.9944","0.9944","0.47115714285714283","0.47115714285714283","0.47115714285714283","0.9433","0.9433","0.9433","0.47191428571428573","0.47191428571428573","0.47191428571428573","0.9375","0.9375","0.9375","0.4646571428571429","0.4646571428571429","0.4646571428571429","0.944","0.944","0.944"
"1800","0.1251142857142857","0.1251142857142857","0.1251142857142857","0.9832","0.9832","0.9832","0.1281857142857143","0.1281857142857143","0.1281857142857143","0.9882666666666666","0.9882666666666666","0.9882666666666666","0.12377142857142857","0.12377142857142857","0.12377142857142857","0.9845333333333334","0.9845333333333334","0.9845333333333334","0.18617142857142857","0.18617142857142857","0.18617142857142857","0.9768","0.9768","0.9768","0.18998571428571429","0.18998571428571429","0.18998571428571429","0.9752","0.9752","0.9752","0.18745714285714285","0.18745714285714285","0.18745714285714285","0.9766","0.9766","0.9766","0.055471428571428574","0.055471428571428574","0.055471428571428574","0.9904","0.9904","0.9904","0.06391428571428572","0.06391428571428572","0.06391428571428572","0.992","0.992","0.992","0.0611","0.0611","0.0611","0.9908","0.9908","0.9908","0.8167857142857143","0.8167857142857143","0.8167857142857143","0.9374","0.9374","0.9374","0.8245714285714286","0.8245714285714286","0.8245714285714286","0.9373","0.9373","0.9373","0.7964285714285714","0.7964285714285714","0.7964285714285714","0.932","0.932","0.932","0.7307714285714285","0.7307714285714285","0.7307714285714285","0.9404666666666667","0.9404666666666667","0.9404666666666667","0.7367","0.7367","0.7367","0.941","0.941","0.941","0.695","0.695","0.695","0.9393333333333334","0.9393333333333334","0.9393333333333334","0.014085714285714286","0.014085714285714286","0.014085714285714286","0.996","0.996","0.996","0.014742857142857143","0.014742857142857143","0.014742857142857143","0.992","0.992","0.992","0.01577142857142857","0.01577142857142857","0.01577142857142857","0.9936","0.9936","0.9936","0.4795142857142857","0.4795142857142857","0.4795142857142857","0.9515","0.9515","0.9515","0.4813","0.4813","0.4813","0.9463","0.9463","0.9463","0.467","0.467","0.467","0.9494","0.9494","0.9494"
"1900","0.1256142857142857","0.1256142857142857","0.1256142857142857","0.9861333333333333","0.9861333333333333","0.9861333333333333","0.12734285714285715","0.12734285714285715","0.12734285714285715","0.9877333333333334","0.9877333333333334","0.9877333333333334","0.122","0.122","0.122","0.9869333333333333","0.9869333333333333","0.9869333333333333","0.1878","0.1878","0.1878","0.9836","0.9836","0.9836","0.1912","0.1912","0.1912","0.9768","0.9768","0.9768","0.18875714285714285","0.18875714285714285","0.18875714285714285","0.9826","0.9826","0.9826","0.056042857142857144","0.056042857142857144","0.056042857142857144","0.994","0.994","0.994","0.06298571428571428","0.06298571428571428","0.06298571428571428","0.994","0.994","0.994","0.060142857142857144","0.060142857142857144","0.060142857142857144","0.9924","0.9924","0.9924","0.8169","0.8169","0.8169","0.9391","0.9391","0.9391","0.8277714285714286","0.8277714285714286","0.8277714285714286","0.94135","0.94135","0.94135","0.8005714285714286","0.8005714285714286","0.8005714285714286","0.9349","0.9349","0.9349","0.7422571428571428","0.7422571428571428","0.7422571428571428","0.9450666666666667","0.9450666666666667","0.9450666666666667","0.7380285714285715","0.7380285714285715","0.7380285714285715","0.9441333333333334","0.9441333333333334","0.9441333333333334","0.6939714285714286","0.6939714285714286","0.6939714285714286","0.9428666666666666","0.9428666666666666","0.9428666666666666","0.013314285714285714","0.013314285714285714","0.013314285714285714","0.9952","0.9952","0.9952","0.015642857142857142","0.015642857142857142","0.015642857142857142","0.9944","0.9944","0.9944","0.01632857142857143","0.01632857142857143","0.01632857142857143","0.9944","0.9944","0.9944","0.4926142857142857","0.4926142857142857","0.4926142857142857","0.9561","0.9561","0.9561","0.49234285714285714","0.49234285714285714","0.49234285714285714","0.955","0.955","0.955","0.48005714285714285","0.48005714285714285","0.48005714285714285","0.9566","0.9566","0.9566"
"2000","0.12562857142857142","0.12562857142857142","0.12562857142857142","0.9874666666666667","0.9874666666666667","0.9874666666666667","0.1253857142857143","0.1253857142857143","0.1253857142857143","0.9861333333333333","0.9861333333333333","0.9861333333333333","0.1187","0.1187","0.1187","0.9885333333333334","0.9885333333333334","0.9885333333333334","0.1863857142857143","0.1863857142857143","0.1863857142857143","0.9834","0.9834","0.9834","0.18762857142857142","0.18762857142857142","0.18762857142857142","0.9824","0.9824","0.9824","0.18467142857142857","0.18467142857142857","0.18467142857142857","0.9842","0.9842","0.9842","0.05785714285714286","0.05785714285714286","0.05785714285714286","0.9928","0.9928","0.9928","0.06237142857142857","0.06237142857142857","0.06237142857142857","0.9956","0.9956","0.9956","0.060257142857142856","0.060257142857142856","0.060257142857142856","0.9944","0.9944","0.9944","0.8228571428571428","0.8228571428571428","0.8228571428571428","0.9414","0.9414","0.9414","0.8316428571428571","0.8316428571428571","0.8316428571428571","0.94445","0.94445","0.94445","0.8057142857142857","0.8057142857142857","0.8057142857142857","0.9403","0.9403","0.9403","0.7436571428571429","0.7436571428571429","0.7436571428571429","0.943","0.943","0.943","0.7444","0.7444","0.7444","0.9492666666666667","0.9492666666666667","0.9492666666666667","0.7059571428571428","0.7059571428571428","0.7059571428571428","0.9479333333333333","0.9479333333333333","0.9479333333333333","0.012914285714285715","0.012914285714285715","0.012914285714285715","0.992","0.992","0.992","0.015228571428571428","0.015228571428571428","0.015228571428571428","0.9944","0.9944","0.9944","0.01602857142857143","0.01602857142857143","0.01602857142857143","0.9936","0.9936","0.9936","0.4941857142857143","0.4941857142857143","0.4941857142857143","0.9594","0.9594","0.9594","0.48825714285714283","0.48825714285714283","0.48825714285714283","0.958","0.958","0.958","0.48314285714285715","0.48314285714285715","0.48314285714285715","0.9623","0.9623","0.9623"
"2100","","","","","","","","","","","","","","","","","","","0.188","0.188","0.188","0.9882","0.9882","0.9882","0.18742857142857142","0.18742857142857142","0.18742857142857142","0.9862","0.9862","0.9862","0.1830142857142857","0.1830142857142857","0.1830142857142857","0.9874","0.9874","0.9874","0.05382857142857143","0.05382857142857143","0.05382857142857143","0.9944","0.9944","0.9944","0.0619","0.0619","0.0619","0.9932","0.9932","0.9932","0.058185714285714285","0.058185714285714285","0.058185714285714285","0.9928","0.9928","0.9928","0.8251285714285714","0.8251285714285714","0.8251285714285714","0.9446","0.9446","0.9446","0.8328142857142857","0.8328142857142857","0.8328142857142857","0.9458","0.9458","0.9458","0.8102571428571429","0.8102571428571429","0.8102571428571429","0.9416","0.9416","0.9416","0.7516142857142857","0.7516142857142857","0.7516142857142857","0.9526","0.9526","0.9526","0.7533428571428571","0.7533428571428571","0.7533428571428571","0.9518","0.9518","0.9518","0.7053285714285714","0.7053285714285714","0.7053285714285714","0.9494","0.9494","0.9494","0.012785714285714286","0.012785714285714286","0.012785714285714286","0.9944","0.9944","0.9944","0.0153","0.0153","0.0153","0.9936","0.9936","0.9936","0.01647142857142857","0.01647142857142857","0.01647142857142857","0.9944","0.9944","0.9944","0.5018571428571429","0.5018571428571429","0.5018571428571429","0.9633","0.9633","0.9633","0.4986714285714286","0.4986714285714286","0.4986714285714286","0.9651","0.9651","0.9651","0.4861857142857143","0.4861857142857143","0.4861857142857143","0.967","0.967","0.967"
"2200","","","","","","","","","","","","","","","","","","","0.1869","0.1869","0.1869","0.9902","0.9902","0.9902","0.18528571428571428","0.18528571428571428","0.18528571428571428","0.9872","0.9872","0.9872","0.18328571428571427","0.18328571428571427","0.18328571428571427","0.9826","0.9826","0.9826","0.05607142857142857","0.05607142857142857","0.05607142857142857","0.9964","0.9964","0.9964","0.06308571428571429","0.06308571428571429","0.06308571428571429","0.9952","0.9952","0.9952","0.05885714285714286","0.05885714285714286","0.05885714285714286","0.9916","0.9916","0.9916","0.8248857142857143","0.8248857142857143","0.8248857142857143","0.94585","0.94585","0.94585","0.8390285714285715","0.8390285714285715","0.8390285714285715","0.94865","0.94865","0.94865","0.8180142857142857","0.8180142857142857","0.8180142857142857","0.9479","0.9479","0.9479","0.7600714285714286","0.7600714285714286","0.7600714285714286","0.9571333333333333","0.9571333333333333","0.9571333333333333","0.7544285714285714","0.7544285714285714","0.7544285714285714","0.9576","0.9576","0.9576","0.7170428571428571","0.7170428571428571","0.7170428571428571","0.9539333333333333","0.9539333333333333","0.9539333333333333","0.012671428571428571","0.012671428571428571","0.012671428571428571","0.9952","0.9952","0.9952","0.015","0.015","0.015","0.9936","0.9936","0.9936","0.015614285714285714","0.015614285714285714","0.015614285714285714","0.996","0.996","0.996","0.5061285714285715","0.5061285714285715","0.5061285714285715","0.9689","0.9689","0.9689","0.5048714285714285","0.5048714285714285","0.5048714285714285","0.9681","0.9681","0.9681","0.48754285714285717","0.48754285714285717","0.48754285714285717","0.9661","0.9661","0.9661"
"2300","","","","","","","","","","","","","","","","","","","0.18552857142857143","0.18552857142857143","0.18552857142857143","0.9918","0.9918","0.9918","0.1847","0.1847","0.1847","0.9894","0.9894","0.9894","0.18464285714285714","0.18464285714285714","0.18464285714285714","0.9868","0.9868","0.9868","0.05525714285714286","0.05525714285714286","0.05525714285714286","0.994","0.994","0.994","0.06217142857142857","0.06217142857142857","0.06217142857142857","0.9948","0.9948","0.9948","0.05852857142857143","0.05852857142857143","0.05852857142857143","0.9956","0.9956","0.9956","0.8316428571428571","0.8316428571428571","0.8316428571428571","0.95245","0.95245","0.95245","0.8405142857142858","0.8405142857142858","0.8405142857142858","0.95385","0.95385","0.95385","0.8180857142857143","0.8180857142857143","0.8180857142857143","0.95125","0.95125","0.95125","0.7609428571428571","0.7609428571428571","0.7609428571428571","0.9608","0.9608","0.9608","0.7560571428571429","0.7560571428571429","0.7560571428571429","0.9609333333333333","0.9609333333333333","0.9609333333333333","0.7186571428571429","0.7186571428571429","0.7186571428571429","0.9591333333333333","0.9591333333333333","0.9591333333333333","0.013542857142857143","0.013542857142857143","0.013542857142857143","0.9952","0.9952","0.9952","0.014657142857142856","0.014657142857142856","0.014657142857142856","0.9936","0.9936","0.9936","0.015471428571428572","0.015471428571428572","0.015471428571428572","0.9928","0.9928","0.9928","0.5043857142857143","0.5043857142857143","0.5043857142857143","0.9726","0.9726","0.9726","0.49974285714285716","0.49974285714285716","0.49974285714285716","0.9709","0.9709","0.9709","0.48672857142857145","0.48672857142857145","0.48672857142857145","0.9706","0.9706","0.9706"
"2400","","","","","","","","","","","","","","","","","","","0.18141428571428572","0.18141428571428572","0.18141428571428572","0.9868","0.9868","0.9868","0.1884142857142857","0.1884142857142857","0.1884142857142857","0.9896","0.9896","0.9896","0.1875","0.1875","0.1875","0.9902","0.9902","0.9902","0.0559","0.0559","0.0559","0.9956","0.9956","0.9956","0.06072857142857143","0.06072857142857143","0.06072857142857143","0.996","0.996","0.996","0.05877142857142857","0.05877142857142857","0.05877142857142857","0.9952","0.9952","0.9952","0.8352857142857143","0.8352857142857143","0.8352857142857143","0.95585","0.95585","0.95585","0.8395857142857143","0.8395857142857143","0.8395857142857143","0.95465","0.95465","0.95465","0.8186285714285715","0.8186285714285715","0.8186285714285715","0.95385","0.95385","0.95385","0.7679285714285714","0.7679285714285714","0.7679285714285714","0.9637333333333333","0.9637333333333333","0.9637333333333333","0.7573142857142857","0.7573142857142857","0.7573142857142857","0.9612666666666667","0.9612666666666667","0.9612666666666667","0.7224714285714285","0.7224714285714285","0.7224714285714285","0.9640666666666666","0.9640666666666666","0.9640666666666666","0.0133","0.0133","0.0133","0.9952","0.9952","0.9952","0.015542857142857143","0.015542857142857143","0.015542857142857143","0.9936","0.9936","0.9936","0.015542857142857143","0.015542857142857143","0.015542857142857143","0.9944","0.9944","0.9944","0.49852857142857143","0.49852857142857143","0.49852857142857143","0.9756","0.9756","0.9756","0.4967142857142857","0.4967142857142857","0.4967142857142857","0.9711","0.9711","0.9711","0.4897142857142857","0.4897142857142857","0.4897142857142857","0.9735","0.9735","0.9735"
"2500","","","","","","","","","","","","","","","","","","","0.18067142857142857","0.18067142857142857","0.18067142857142857","0.9916","0.9916","0.9916","0.18572857142857144","0.18572857142857144","0.18572857142857144","0.992","0.992","0.992","0.1825857142857143","0.1825857142857143","0.1825857142857143","0.989","0.989","0.989","0.05468571428571429","0.05468571428571429","0.05468571428571429","0.996","0.996","0.996","0.06238571428571429","0.06238571428571429","0.06238571428571429","0.9948","0.9948","0.9948","0.059814285714285716","0.059814285714285716","0.059814285714285716","0.9948","0.9948","0.9948","0.8388","0.8388","0.8388","0.95885","0.95885","0.95885","0.8437285714285714","0.8437285714285714","0.8437285714285714","0.95755","0.95755","0.95755","0.8219","0.8219","0.8219","0.95575","0.95575","0.95575","0.7665285714285714","0.7665285714285714","0.7665285714285714","0.9659333333333333","0.9659333333333333","0.9659333333333333","0.7646857142857143","0.7646857142857143","0.7646857142857143","0.9664","0.9664","0.9664","0.7283142857142857","0.7283142857142857","0.7283142857142857","0.9665333333333334","0.9665333333333334","0.9665333333333334","0.014342857142857143","0.014342857142857143","0.014342857142857143","0.9944","0.9944","0.9944","0.015142857142857144","0.015142857142857144","0.015142857142857144","0.9944","0.9944","0.9944","0.014942857142857143","0.014942857142857143","0.014942857142857143","0.9944","0.9944","0.9944","0.49738571428571426","0.49738571428571426","0.49738571428571426","0.9758","0.9758","0.9758","0.5031285714285715","0.5031285714285715","0.5031285714285715","0.9757","0.9757","0.9757","0.4886857142857143","0.4886857142857143","0.4886857142857143","0.9772","0.9772","0.9772"
"2600","","","","","","","","","","","","","","","","","","","","","","","","","0.18725714285714284","0.18725714285714284","0.18725714285714284","0.9924","0.9924","0.9924","0.1823142857142857","0.1823142857142857","0.1823142857142857","0.9904","0.9904","0.9904","0.056171428571428574","0.056171428571428574","0.056171428571428574","0.9956","0.9956","0.9956","0.06188571428571429","0.06188571428571429","0.06188571428571429","0.9968","0.9968","0.9968","0.05941428571428571","0.05941428571428571","0.05941428571428571","0.9952","0.9952","0.9952","0.8384571428571429","0.8384571428571429","0.8384571428571429","0.9587","0.9587","0.9587","0.8468857142857142","0.8468857142857142","0.8468857142857142","0.96225","0.96225","0.96225","0.8220714285714286","0.8220714285714286","0.8220714285714286","0.95665","0.95665","0.95665","0.7679","0.7679","0.7679","0.9693333333333334","0.9693333333333334","0.9693333333333334","0.7687571428571428","0.7687571428571428","0.7687571428571428","0.9697333333333333","0.9697333333333333","0.9697333333333333","0.7334571428571428","0.7334571428571428","0.7334571428571428","0.97","0.97","0.97","0.014228571428571429","0.014228571428571429","0.014228571428571429","0.9944","0.9944","0.9944","0.016014285714285714","0.016014285714285714","0.016014285714285714","0.9944","0.9944","0.9944","0.015314285714285714","0.015314285714285714","0.015314285714285714","0.9952","0.9952","0.9952","0.4982285714285714","0.4982285714285714","0.4982285714285714","0.9775","0.9775","0.9775","0.5047857142857143","0.5047857142857143","0.5047857142857143","0.9774","0.9774","0.9774","0.48255714285714285","0.48255714285714285","0.48255714285714285","0.9793","0.9793","0.9793"
"2700","","","","","","","","","","","","","","","","","","","","","","","","","0.18525714285714287","0.18525714285714287","0.18525714285714287","0.9928","0.9928","0.9928","0.18405714285714286","0.18405714285714286","0.18405714285714286","0.9936","0.9936","0.9936","0.05431428571428572","0.05431428571428572","0.05431428571428572","0.9968","0.9968","0.9968","0.062142857142857146","0.062142857142857146","0.062142857142857146","0.9936","0.9936","0.9936","0.06035714285714286","0.06035714285714286","0.06035714285714286","0.9952","0.9952","0.9952","0.8431714285714286","0.8431714285714286","0.8431714285714286","0.96215","0.96215","0.96215","0.8468285714285714","0.8468285714285714","0.8468285714285714","0.96445","0.96445","0.96445","0.8284714285714285","0.8284714285714285","0.8284714285714285","0.9623","0.9623","0.9623","0.7669428571428571","0.7669428571428571","0.7669428571428571","0.9698","0.9698","0.9698","0.7695285714285715","0.7695285714285715","0.7695285714285715","0.9712","0.9712","0.9712","0.7364142857142857","0.7364142857142857","0.7364142857142857","0.9714666666666667","0.9714666666666667","0.9714666666666667","0.014114285714285715","0.014114285714285715","0.014114285714285715","0.9944","0.9944","0.9944","0.014085714285714286","0.014085714285714286","0.014085714285714286","0.9944","0.9944","0.9944","0.014928571428571428","0.014928571428571428","0.014928571428571428","0.9952","0.9952","0.9952","0.5046857142857143","0.5046857142857143","0.5046857142857143","0.9806","0.9806","0.9806","0.5049142857142858","0.5049142857142858","0.5049142857142858","0.9792","0.9792","0.9792","0.48682857142857144","0.48682857142857144","0.48682857142857144","0.9795","0.9795","0.9795"
"2800","","","","","","","","","","","","","","","","","","","","","","","","","","","","","","","0.18347142857142856","0.18347142857142856","0.18347142857142856","0.9938","0.9938","0.9938","0.05542857142857143","0.05542857142857143","0.05542857142857143","0.9972","0.9972","0.9972","0.060828571428571426","0.060828571428571426","0.060828571428571426","0.9952","0.9952","0.9952","0.060328571428571426","0.060328571428571426","0.060328571428571426","0.9964","0.9964","0.9964","0.8433142857142857","0.8433142857142857","0.8433142857142857","0.9647","0.9647","0.9647","0.8498428571428571","0.8498428571428571","0.8498428571428571","0.96395","0.96395","0.96395","0.8300857142857143","0.8300857142857143","0.8300857142857143","0.9651","0.9651","0.9651","0.7724428571428571","0.7724428571428571","0.7724428571428571","0.9742","0.9742","0.9742","0.7694142857142857","0.7694142857142857","0.7694142857142857","0.9716","0.9716","0.9716","0.7328428571428571","0.7328428571428571","0.7328428571428571","0.9745333333333334","0.9745333333333334","0.9745333333333334","0.013971428571428572","0.013971428571428572","0.013971428571428572","0.9952","0.9952","0.9952","0.015042857142857143","0.015042857142857143","0.015042857142857143","0.9944","0.9944","0.9944","0.015014285714285714","0.015014285714285714","0.015014285714285714","0.9952","0.9952","0.9952","0.5022714285714286","0.5022714285714286","0.5022714285714286","0.9834","0.9834","0.9834","0.5072285714285715","0.5072285714285715","0.5072285714285715","0.9805","0.9805","0.9805","0.48975714285714284","0.48975714285714284","0.48975714285714284","0.982","0.982","0.982"
"2900","","","","","","","","","","","","","","","","","","","","","","","","","","","","","","","0.18017142857142857","0.18017142857142857","0.18017142857142857","0.9954","0.9954","0.9954","0.05542857142857143","0.05542857142857143","0.05542857142857143","0.998","0.998","0.998","0.059814285714285716","0.059814285714285716","0.059814285714285716","0.9976","0.9976","0.9976","0.05935714285714286","0.05935714285714286","0.05935714285714286","0.9956","0.9956","0.9956","0.8446428571428571","0.8446428571428571","0.8446428571428571","0.96655","0.96655","0.96655","0.8488142857142857","0.8488142857142857","0.8488142857142857","0.9676","0.9676","0.9676","0.8346428571428571","0.8346428571428571","0.8346428571428571","0.9653","0.9653","0.9653","0.7700428571428571","0.7700428571428571","0.7700428571428571","0.9759333333333333","0.9759333333333333","0.9759333333333333","0.7700142857142858","0.7700142857142858","0.7700142857142858","0.9758666666666667","0.9758666666666667","0.9758666666666667","0.7380857142857142","0.7380857142857142","0.7380857142857142","0.9774666666666667","0.9774666666666667","0.9774666666666667","0.013985714285714285","0.013985714285714285","0.013985714285714285","0.996","0.996","0.996","0.0151","0.0151","0.0151","0.9944","0.9944","0.9944","0.015014285714285714","0.015014285714285714","0.015014285714285714","0.9936","0.9936","0.9936","0.5036","0.5036","0.5036","0.9852","0.9852","0.9852","0.49997142857142857","0.49997142857142857","0.49997142857142857","0.9834","0.9834","0.9834","0.49251428571428574","0.49251428571428574","0.49251428571428574","0.9843","0.9843","0.9843"
"3000","","","","","","","","","","","","","","","","","","","","","","","","","","","","","","","0.18124285714285715","0.18124285714285715","0.18124285714285715","0.9952","0.9952","0.9952","0.05417142857142857","0.05417142857142857","0.05417142857142857","0.9976","0.9976","0.9976","0.05857142857142857","0.05857142857142857","0.05857142857142857","0.9968","0.9968","0.9968","0.06081428571428572","0.06081428571428572","0.06081428571428572","0.9948","0.9948","0.9948","0.8478","0.8478","0.8478","0.969","0.969","0.969","0.8517571428571429","0.8517571428571429","0.8517571428571429","0.96855","0.96855","0.96855","0.8314","0.8314","0.8314","0.9674","0.9674","0.9674","0.7749","0.7749","0.7749","0.978","0.978","0.978","0.7728714285714285","0.7728714285714285","0.7728714285714285","0.9766666666666667","0.9766666666666667","0.9766666666666667","0.7425857142857143","0.7425857142857143","0.7425857142857143","0.9811333333333333","0.9811333333333333","0.9811333333333333","0.0143","0.0143","0.0143","0.9944","0.9944","0.9944","0.01477142857142857","0.01477142857142857","0.01477142857142857","0.9952","0.9952","0.9952","0.015342857142857142","0.015342857142857142","0.015342857142857142","0.9952","0.9952","0.9952","0.5088714285714285","0.5088714285714285","0.5088714285714285","0.9858","0.9858","0.9858","0.5073714285714286","0.5073714285714286","0.5073714285714286","0.9836","0.9836","0.9836","0.4931857142857143","0.4931857142857143","0.4931857142857143","0.9866","0.9866","0.9866"
"3100","","","","","","","","","","","","","","","","","","","","","","","","","","","","","","","0.18372857142857144","0.18372857142857144","0.18372857142857144","0.9964","0.9964","0.9964","0.05467142857142857","0.05467142857142857","0.05467142857142857","0.9968","0.9968","0.9968","0.059757142857142856","0.059757142857142856","0.059757142857142856","0.9964","0.9964","0.9964","0.058942857142857144","0.058942857142857144","0.058942857142857144","0.9948","0.9948","0.9948","0.8472","0.8472","0.8472","0.9716","0.9716","0.9716","0.8513142857142857","0.8513142857142857","0.8513142857142857","0.9721","0.9721","0.9721","0.8345142857142858","0.8345142857142858","0.8345142857142858","0.97","0.97","0.97","0.7768714285714285","0.7768714285714285","0.7768714285714285","0.9803333333333333","0.9803333333333333","0.9803333333333333","0.7784428571428571","0.7784428571428571","0.7784428571428571","0.9801333333333333","0.9801333333333333","0.9801333333333333","0.7429571428571429","0.7429571428571429","0.7429571428571429","0.9804666666666667","0.9804666666666667","0.9804666666666667","0.013785714285714287","0.013785714285714287","0.013785714285714287","0.9952","0.9952","0.9952","0.015","0.015","0.015","0.9952","0.9952","0.9952","0.014442857142857143","0.014442857142857143","0.014442857142857143","0.9952","0.9952","0.9952","0.5039285714285714","0.5039285714285714","0.5039285714285714","0.9881","0.9881","0.9881","0.5118","0.5118","0.5118","0.9877","0.9877","0.9877","0.49388571428571426","0.49388571428571426","0.49388571428571426","0.9877","0.9877","0.9877"
"3200","","","","","","","","","","","","","","","","","","","","","","","","","","","","","","","0.1820857142857143","0.1820857142857143","0.1820857142857143","0.9958","0.9958","0.9958","0.0561","0.0561","0.0561","0.996","0.996","0.996","0.0611","0.0611","0.0611","0.996","0.996","0.996","0.05915714285714286","0.05915714285714286","0.05915714285714286","0.9956","0.9956","0.9956","0.8471428571428572","0.8471428571428572","0.8471428571428572","0.97375","0.97375","0.97375","0.8520714285714286","0.8520714285714286","0.8520714285714286","0.97395","0.97395","0.97395","0.8357571428571429","0.8357571428571429","0.8357571428571429","0.9726","0.9726","0.9726","0.7793571428571429","0.7793571428571429","0.7793571428571429","0.9839333333333333","0.9839333333333333","0.9839333333333333","0.7755857142857143","0.7755857142857143","0.7755857142857143","0.9829333333333333","0.9829333333333333","0.9829333333333333","0.7432857142857143","0.7432857142857143","0.7432857142857143","0.9832","0.9832","0.9832","0.0138","0.0138","0.0138","0.996","0.996","0.996","0.015428571428571429","0.015428571428571429","0.015428571428571429","0.9944","0.9944","0.9944","0.015114285714285714","0.015114285714285714","0.015114285714285714","0.9952","0.9952","0.9952","0.5064142857142857","0.5064142857142857","0.5064142857142857","0.9891","0.9891","0.9891","0.5046571428571428","0.5046571428571428","0.5046571428571428","0.988","0.988","0.988","0.48947142857142856","0.48947142857142856","0.48947142857142856","0.9886","0.9886","0.9886"
"3300","","","","","","","","","","","","","","","","","","","","","","","","","","","","","","","0.18485714285714286","0.18485714285714286","0.18485714285714286","0.9954","0.9954","0.9954","0.05487142857142857","0.05487142857142857","0.05487142857142857","0.9964","0.9964","0.9964","0.06068571428571429","0.06068571428571429","0.06068571428571429","0.9968","0.9968","0.9968","0.05965714285714286","0.05965714285714286","0.05965714285714286","0.9956","0.9956","0.9956","0.8492285714285714","0.8492285714285714","0.8492285714285714","0.97675","0.97675","0.97675","0.8532142857142857","0.8532142857142857","0.8532142857142857","0.97475","0.97475","0.97475","0.8364857142857143","0.8364857142857143","0.8364857142857143","0.9744","0.9744","0.9744","0.7764571428571428","0.7764571428571428","0.7764571428571428","0.9837333333333333","0.9837333333333333","0.9837333333333333","0.7763857142857142","0.7763857142857142","0.7763857142857142","0.9830666666666666","0.9830666666666666","0.9830666666666666","0.7441571428571429","0.7441571428571429","0.7441571428571429","0.9844","0.9844","0.9844","0.014085714285714286","0.014085714285714286","0.014085714285714286","0.996","0.996","0.996","0.015557142857142858","0.015557142857142858","0.015557142857142858","0.9944","0.9944","0.9944","0.015357142857142857","0.015357142857142857","0.015357142857142857","0.996","0.996","0.996","0.5036428571428572","0.5036428571428572","0.5036428571428572","0.9908","0.9908","0.9908","0.5028714285714285","0.5028714285714285","0.5028714285714285","0.9898","0.9898","0.9898","0.49115714285714285","0.49115714285714285","0.49115714285714285","0.9903","0.9903","0.9903"
"3400","","","","","","","","","","","","","","","","","","","","","","","","","","","","","","","0.1840857142857143","0.1840857142857143","0.1840857142857143","0.9966","0.9966","0.9966","0.05562857142857143","0.05562857142857143","0.05562857142857143","0.9964","0.9964","0.9964","0.06078571428571428","0.06078571428571428","0.06078571428571428","0.9968","0.9968","0.9968","0.05854285714285714","0.05854285714285714","0.05854285714285714","0.9968","0.9968","0.9968","0.8489857142857142","0.8489857142857142","0.8489857142857142","0.9779","0.9779","0.9779","0.855","0.855","0.855","0.97675","0.97675","0.97675","0.8356857142857143","0.8356857142857143","0.8356857142857143","0.97695","0.97695","0.97695","0.7741428571428571","0.7741428571428571","0.7741428571428571","0.9844666666666667","0.9844666666666667","0.9844666666666667","0.7740571428571429","0.7740571428571429","0.7740571428571429","0.9844666666666667","0.9844666666666667","0.9844666666666667","0.7396714285714285","0.7396714285714285","0.7396714285714285","0.9863333333333333","0.9863333333333333","0.9863333333333333","0.013514285714285715","0.013514285714285715","0.013514285714285715","0.9952","0.9952","0.9952","0.015157142857142857","0.015157142857142857","0.015157142857142857","0.9944","0.9944","0.9944","0.015385714285714286","0.015385714285714286","0.015385714285714286","0.9952","0.9952","0.9952","0.5074428571428572","0.5074428571428572","0.5074428571428572","0.9913","0.9913","0.9913","0.5072714285714286","0.5072714285714286","0.5072714285714286","0.9913","0.9913","0.9913","0.4904428571428571","0.4904428571428571","0.4904428571428571","0.9912","0.9912","0.9912"
"3500","","","","","","","","","","","","","","","","","","","","","","","","","","","","","","","0.18485714285714286","0.18485714285714286","0.18485714285714286","0.9966","0.9966","0.9966","0.056357142857142856","0.056357142857142856","0.056357142857142856","0.9964","0.9964","0.9964","0.06168571428571429","0.06168571428571429","0.06168571428571429","0.9972","0.9972","0.9972","0.05892857142857143","0.05892857142857143","0.05892857142857143","0.9964","0.9964","0.9964","0.8500714285714286","0.8500714285714286","0.8500714285714286","0.9781","0.9781","0.9781","0.8548714285714286","0.8548714285714286","0.8548714285714286","0.97835","0.97835","0.97835","0.8383571428571429","0.8383571428571429","0.8383571428571429","0.97785","0.97785","0.97785","0.7742857142857142","0.7742857142857142","0.7742857142857142","0.9852","0.9852","0.9852","0.7750428571428571","0.7750428571428571","0.7750428571428571","0.985","0.985","0.985","0.7377857142857143","0.7377857142857143","0.7377857142857143","0.9861333333333333","0.9861333333333333","0.9861333333333333","0.013242857142857143","0.013242857142857143","0.013242857142857143","0.9952","0.9952","0.9952","0.01507142857142857","0.01507142857142857","0.01507142857142857","0.9952","0.9952","0.9952","0.01537142857142857","0.01537142857142857","0.01537142857142857","0.9952","0.9952","0.9952","0.5107","0.5107","0.5107","0.9923","0.9923","0.9923","0.5056857142857143","0.5056857142857143","0.5056857142857143","0.9923","0.9923","0.9923","0.4924857142857143","0.4924857142857143","0.4924857142857143","0.9936","0.9936","0.9936"
"3600","","","","","","","","","","","","","","","","","","","","","","","","","","","","","","","0.1851142857142857","0.1851142857142857","0.1851142857142857","0.9974","0.9974","0.9974","0.05567142857142857","0.05567142857142857","0.05567142857142857","0.9972","0.9972","0.9972","0.06141428571428571","0.06141428571428571","0.06141428571428571","0.9968","0.9968","0.9968","0.05884285714285714","0.05884285714285714","0.05884285714285714","0.9968","0.9968","0.9968","0.8508714285714286","0.8508714285714286","0.8508714285714286","0.98045","0.98045","0.98045","0.8553428571428572","0.8553428571428572","0.8553428571428572","0.9804","0.9804","0.9804","0.8388142857142857","0.8388142857142857","0.8388142857142857","0.97925","0.97925","0.97925","0.7750857142857143","0.7750857142857143","0.7750857142857143","0.9868","0.9868","0.9868","0.7725142857142857","0.7725142857142857","0.7725142857142857","0.9869333333333333","0.9869333333333333","0.9869333333333333","0.7401142857142857","0.7401142857142857","0.7401142857142857","0.9862666666666666","0.9862666666666666","0.9862666666666666","0.013585714285714286","0.013585714285714286","0.013585714285714286","0.9952","0.9952","0.9952","0.014885714285714285","0.014885714285714285","0.014885714285714285","0.9944","0.9944","0.9944","0.015385714285714286","0.015385714285714286","0.015385714285714286","0.9952","0.9952","0.9952","0.5085428571428572","0.5085428571428572","0.5085428571428572","0.9927","0.9927","0.9927","0.5111571428571429","0.5111571428571429","0.5111571428571429","0.9927","0.9927","0.9927","0.48887142857142857","0.48887142857142857","0.48887142857142857","0.9941","0.9941","0.9941"
"3700","","","","","","","","","","","","","","","","","","","","","","","","","","","","","","","0.18454285714285715","0.18454285714285715","0.18454285714285715","0.9972","0.9972","0.9972","","","","","","","0.05967142857142857","0.05967142857142857","0.05967142857142857","0.9964","0.9964","0.9964","0.0591","0.0591","0.0591","0.9968","0.9968","0.9968","0.8526428571428571","0.8526428571428571","0.8526428571428571","0.9819","0.9819","0.9819","0.8572857142857143","0.8572857142857143","0.8572857142857143","0.9825","0.9825","0.9825","0.8412714285714286","0.8412714285714286","0.8412714285714286","0.98135","0.98135","0.98135","0.7768857142857143","0.7768857142857143","0.7768857142857143","0.987","0.987","0.987","0.7696714285714286","0.7696714285714286","0.7696714285714286","0.9874666666666667","0.9874666666666667","0.9874666666666667","0.7413428571428572","0.7413428571428572","0.7413428571428572","0.9865333333333334","0.9865333333333334","0.9865333333333334","0.013785714285714287","0.013785714285714287","0.013785714285714287","0.9952","0.9952","0.9952","0.014928571428571428","0.014928571428571428","0.014928571428571428","0.9952","0.9952","0.9952","0.015485714285714285","0.015485714285714285","0.015485714285714285","0.9952","0.9952","0.9952","0.5076142857142857","0.5076142857142857","0.5076142857142857","0.9934","0.9934","0.9934","0.5093714285714286","0.5093714285714286","0.5093714285714286","0.9941","0.9941","0.9941","0.4953714285714286","0.4953714285714286","0.4953714285714286","0.9941","0.9941","0.9941"
"3800","","","","","","","","","","","","","","","","","","","","","","","","","","","","","","","0.1844","0.1844","0.1844","0.9972","0.9972","0.9972","","","","","","","0.06131428571428572","0.06131428571428572","0.06131428571428572","0.998","0.998","0.998","0.05821428571428571","0.05821428571428571","0.05821428571428571","0.998","0.998","0.998","0.8551142857142857","0.8551142857142857","0.8551142857142857","0.9829","0.9829","0.9829","0.8579857142857142","0.8579857142857142","0.8579857142857142","0.9823","0.9823","0.9823","0.8416","0.8416","0.8416","0.983","0.983","0.983","0.7755142857142857","0.7755142857142857","0.7755142857142857","0.9874","0.9874","0.9874","0.7683857142857143","0.7683857142857143","0.7683857142857143","0.9883333333333333","0.9883333333333333","0.9883333333333333","0.7418428571428571","0.7418428571428571","0.7418428571428571","0.9878666666666667","0.9878666666666667","0.9878666666666667","0.01332857142857143","0.01332857142857143","0.01332857142857143","0.996","0.996","0.996","0.015157142857142857","0.015157142857142857","0.015157142857142857","0.9944","0.9944","0.9944","0.015385714285714286","0.015385714285714286","0.015385714285714286","0.9952","0.9952","0.9952","0.5080714285714286","0.5080714285714286","0.5080714285714286","0.9951","0.9951","0.9951","0.5074714285714286","0.5074714285714286","0.5074714285714286","0.9949","0.9949","0.9949","0.49482857142857145","0.49482857142857145","0.49482857142857145","0.9945","0.9945","0.9945"
"3900","","","","","","","","","","","","","","","","","","","","","","","","","","","","","","","0.18612857142857142","0.18612857142857142","0.18612857142857142","0.9984","0.9984","0.9984","","","","","","","0.059957142857142855","0.059957142857142855","0.059957142857142855","0.9976","0.9976","0.9976","0.058957142857142854","0.058957142857142854","0.058957142857142854","0.9968","0.9968","0.9968","0.8540714285714286","0.8540714285714286","0.8540714285714286","0.9833","0.9833","0.9833","0.8582714285714286","0.8582714285714286","0.8582714285714286","0.98415","0.98415","0.98415","0.8427571428571429","0.8427571428571429","0.8427571428571429","0.98425","0.98425","0.98425","0.7764","0.7764","0.7764","0.9882666666666666","0.9882666666666666","0.9882666666666666","0.7712857142857142","0.7712857142857142","0.7712857142857142","0.9894666666666667","0.9894666666666667","0.9894666666666667","0.7387714285714285","0.7387714285714285","0.7387714285714285","0.9888","0.9888","0.9888","0.013757142857142857","0.013757142857142857","0.013757142857142857","0.996","0.996","0.996","0.014971428571428571","0.014971428571428571","0.014971428571428571","0.9952","0.9952","0.9952","0.015314285714285714","0.015314285714285714","0.015314285714285714","0.9952","0.9952","0.9952","0.5103142857142857","0.5103142857142857","0.5103142857142857","0.9962","0.9962","0.9962","0.5088714285714285","0.5088714285714285","0.5088714285714285","0.9949","0.9949","0.9949","0.4945","0.4945","0.4945","0.995","0.995","0.995"
"4000","","","","","","","","","","","","","","","","","","","","","","","","","","","","","","","0.18657142857142858","0.18657142857142858","0.18657142857142858","0.9976","0.9976","0.9976","","","","","","","0.06017142857142857","0.06017142857142857","0.06017142857142857","0.9972","0.9972","0.9972","0.058814285714285715","0.058814285714285715","0.058814285714285715","0.9972","0.9972","0.9972","0.8550714285714286","0.8550714285714286","0.8550714285714286","0.9848","0.9848","0.9848","0.8611142857142857","0.8611142857142857","0.8611142857142857","0.98575","0.98575","0.98575","0.8440714285714286","0.8440714285714286","0.8440714285714286","0.9852","0.9852","0.9852","0.7773428571428571","0.7773428571428571","0.7773428571428571","0.9901333333333333","0.9901333333333333","0.9901333333333333","0.7714428571428571","0.7714428571428571","0.7714428571428571","0.9905333333333334","0.9905333333333334","0.9905333333333334","0.7412285714285715","0.7412285714285715","0.7412285714285715","0.9896666666666667","0.9896666666666667","0.9896666666666667","0.01302857142857143","0.01302857142857143","0.01302857142857143","0.9952","0.9952","0.9952","0.015042857142857143","0.015042857142857143","0.015042857142857143","0.9944","0.9944","0.9944","0.0156","0.0156","0.0156","0.9952","0.9952","0.9952","0.5077857142857143","0.5077857142857143","0.5077857142857143","0.9964","0.9964","0.9964","0.5112571428571429","0.5112571428571429","0.5112571428571429","0.9959","0.9959","0.9959","0.49585714285714283","0.49585714285714283","0.49585714285714283","0.9958","0.9958","0.9958"
"4100","","","","","","","","","","","","","","","","","","","","","","","","","","","","","","","0.1864","0.1864","0.1864","0.9974","0.9974","0.9974","","","","","","","0.06075714285714286","0.06075714285714286","0.06075714285714286","0.9972","0.9972","0.9972","0.05991428571428571","0.05991428571428571","0.05991428571428571","0.9976","0.9976","0.9976","0.8541857142857143","0.8541857142857143","0.8541857142857143","0.98585","0.98585","0.98585","0.8619285714285714","0.8619285714285714","0.8619285714285714","0.9857","0.9857","0.9857","0.8434714285714285","0.8434714285714285","0.8434714285714285","0.98685","0.98685","0.98685","0.7765714285714286","0.7765714285714286","0.7765714285714286","0.9904666666666667","0.9904666666666667","0.9904666666666667","0.7720285714285714","0.7720285714285714","0.7720285714285714","0.9918666666666667","0.9918666666666667","0.9918666666666667","0.7430571428571429","0.7430571428571429","0.7430571428571429","0.9913333333333333","0.9913333333333333","0.9913333333333333","0.013614285714285714","0.013614285714285714","0.013614285714285714","0.9952","0.9952","0.9952","0.015085714285714286","0.015085714285714286","0.015085714285714286","0.9944","0.9944","0.9944","0.015585714285714286","0.015585714285714286","0.015585714285714286","0.9952","0.9952","0.9952","0.5081571428571429","0.5081571428571429","0.5081571428571429","0.9973","0.9973","0.9973","0.5059142857142858","0.5059142857142858","0.5059142857142858","0.9967","0.9967","0.9967","0.4952","0.4952","0.4952","0.9968","0.9968","0.9968"
"4200","","","","","","","","","","","","","","","","","","","","","","","","","","","","","","","0.18567142857142857","0.18567142857142857","0.18567142857142857","0.998","0.998","0.998","","","","","","","0.06168571428571429","0.06168571428571429","0.06168571428571429","0.9972","0.9972","0.9972","0.059014285714285714","0.059014285714285714","0.059014285714285714","0.9972","0.9972","0.9972","0.8565714285714285","0.8565714285714285","0.8565714285714285","0.98755","0.98755","0.98755","0.8628","0.8628","0.8628","0.98715","0.98715","0.98715","0.8454285714285714","0.8454285714285714","0.8454285714285714","0.98795","0.98795","0.98795","0.7768285714285714","0.7768285714285714","0.7768285714285714","0.9916","0.9916","0.9916","0.7719","0.7719","0.7719","0.9917333333333334","0.9917333333333334","0.9917333333333334","0.7423857142857143","0.7423857142857143","0.7423857142857143","0.9912","0.9912","0.9912","0.013385714285714286","0.013385714285714286","0.013385714285714286","0.996","0.996","0.996","0.014642857142857143","0.014642857142857143","0.014642857142857143","0.9952","0.9952","0.9952","0.01507142857142857","0.01507142857142857","0.01507142857142857","0.9952","0.9952","0.9952","0.5091285714285714","0.5091285714285714","0.5091285714285714","0.9981","0.9981","0.9981","0.5089","0.5089","0.5089","0.998","0.998","0.998","0.4951285714285714","0.4951285714285714","0.4951285714285714","0.9964","0.9964","0.9964"
"4300","","","","","","","","","","","","","","","","","","","","","","","","","","","","","","","0.1841142857142857","0.1841142857142857","0.1841142857142857","0.9978","0.9978","0.9978","","","","","","","0.0608","0.0608","0.0608","0.9972","0.9972","0.9972","0.059957142857142855","0.059957142857142855","0.059957142857142855","0.9976","0.9976","0.9976","0.8567571428571429","0.8567571428571429","0.8567571428571429","0.989","0.989","0.989","0.8639142857142857","0.8639142857142857","0.8639142857142857","0.98825","0.98825","0.98825","0.8457","0.8457","0.8457","0.98925","0.98925","0.98925","0.7757","0.7757","0.7757","0.9918","0.9918","0.9918","0.7721","0.7721","0.7721","0.9928666666666667","0.9928666666666667","0.9928666666666667","0.7411428571428571","0.7411428571428571","0.7411428571428571","0.9927333333333334","0.9927333333333334","0.9927333333333334","0.013671428571428572","0.013671428571428572","0.013671428571428572","0.9952","0.9952","0.9952","0.01472857142857143","0.01472857142857143","0.01472857142857143","0.9952","0.9952","0.9952","0.014985714285714286","0.014985714285714286","0.014985714285714286","0.9952","0.9952","0.9952","0.5074857142857143","0.5074857142857143","0.5074857142857143","0.9984","0.9984","0.9984","0.5086","0.5086","0.5086","0.9983","0.9983","0.9983","0.49492857142857144","0.49492857142857144","0.49492857142857144","0.9981","0.9981","0.9981"
"4400","","","","","","","","","","","","","","","","","","","","","","","","","","","","","","","0.18587142857142858","0.18587142857142858","0.18587142857142858","0.9982","0.9982","0.9982","","","","","","","0.061285714285714284","0.061285714285714284","0.061285714285714284","0.9972","0.9972","0.9972","0.059685714285714286","0.059685714285714286","0.059685714285714286","0.9976","0.9976","0.9976","0.8583714285714286","0.8583714285714286","0.8583714285714286","0.9893","0.9893","0.9893","0.8630857142857142","0.8630857142857142","0.8630857142857142","0.98925","0.98925","0.98925","0.8459142857142857","0.8459142857142857","0.8459142857142857","0.9894","0.9894","0.9894","0.7758714285714285","0.7758714285714285","0.7758714285714285","0.9926","0.9926","0.9926","0.7732142857142857","0.7732142857142857","0.7732142857142857","0.9929333333333333","0.9929333333333333","0.9929333333333333","0.7430428571428571","0.7430428571428571","0.7430428571428571","0.9936","0.9936","0.9936","0.013314285714285714","0.013314285714285714","0.013314285714285714","0.9952","0.9952","0.9952","0.015157142857142857","0.015157142857142857","0.015157142857142857","0.9952","0.9952","0.9952","0.01502857142857143","0.01502857142857143","0.01502857142857143","0.9952","0.9952","0.9952","0.5075","0.5075","0.5075","0.9981","0.9981","0.9981","0.5084142857142857","0.5084142857142857","0.5084142857142857","0.9984","0.9984","0.9984","0.4942857142857143","0.4942857142857143","0.4942857142857143","0.9979","0.9979","0.9979"
"4500","","","","","","","","","","","","","","","","","","","","","","","","","","","","","","","0.18532857142857143","0.18532857142857143","0.18532857142857143","0.998","0.998","0.998","","","","","","","0.06028571428571428","0.06028571428571428","0.06028571428571428","0.9976","0.9976","0.9976","0.060071428571428574","0.060071428571428574","0.060071428571428574","0.998","0.998","0.998","0.8565142857142857","0.8565142857142857","0.8565142857142857","0.98955","0.98955","0.98955","0.8616285714285714","0.8616285714285714","0.8616285714285714","0.9889","0.9889","0.9889","0.8454285714285714","0.8454285714285714","0.8454285714285714","0.98945","0.98945","0.98945","0.7737","0.7737","0.7737","0.9934666666666667","0.9934666666666667","0.9934666666666667","0.7733428571428571","0.7733428571428571","0.7733428571428571","0.9928666666666667","0.9928666666666667","0.9928666666666667","0.7409571428571429","0.7409571428571429","0.7409571428571429","0.9932666666666666","0.9932666666666666","0.9932666666666666","0.013457142857142857","0.013457142857142857","0.013457142857142857","0.9952","0.9952","0.9952","0.0149","0.0149","0.0149","0.9944","0.9944","0.9944","0.015128571428571429","0.015128571428571429","0.015128571428571429","0.9952","0.9952","0.9952","0.5050428571428571","0.5050428571428571","0.5050428571428571","0.9979","0.9979","0.9979","0.5053714285714286","0.5053714285714286","0.5053714285714286","0.9983","0.9983","0.9983","0.4906","0.4906","0.4906","0.997","0.997","0.997"
"4600","","","","","","","","","","","","","","","","","","","","","","","","","","","","","","","0.1848857142857143","0.1848857142857143","0.1848857142857143","0.9988","0.9988","0.9988","","","","","","","0.060257142857142856","0.060257142857142856","0.060257142857142856","0.9972","0.9972","0.9972","0.05891428571428572","0.05891428571428572","0.05891428571428572","0.9976","0.9976","0.9976","0.8550142857142857","0.8550142857142857","0.8550142857142857","0.9896","0.9896","0.9896","0.8614571428571428","0.8614571428571428","0.8614571428571428","0.98965","0.98965","0.98965","0.8425571428571429","0.8425571428571429","0.8425571428571429","0.98945","0.98945","0.98945","0.7743285714285715","0.7743285714285715","0.7743285714285715","0.9937333333333334","0.9937333333333334","0.9937333333333334","0.7728428571428572","0.7728428571428572","0.7728428571428572","0.9934","0.9934","0.9934","0.7427857142857143","0.7427857142857143","0.7427857142857143","0.9946","0.9946","0.9946","0.01307142857142857","0.01307142857142857","0.01307142857142857","0.9952","0.9952","0.9952","0.01502857142857143","0.01502857142857143","0.01502857142857143","0.9952","0.9952","0.9952","0.015","0.015","0.015","0.9952","0.9952","0.9952","0.5031714285714286","0.5031714285714286","0.5031714285714286","0.9984","0.9984","0.9984","0.5026428571428572","0.5026428571428572","0.5026428571428572","0.9983","0.9983","0.9983","0.4903571428571429","0.4903571428571429","0.4903571428571429","0.9975","0.9975","0.9975"
"4700","","","","","","","","","","","","","","","","","","","","","","","","","","","","","","","0.18445714285714285","0.18445714285714285","0.18445714285714285","0.9988","0.9988","0.9988","","","","","","","0.06022857142857143","0.06022857142857143","0.06022857142857143","0.9976","0.9976","0.9976","0.05914285714285714","0.05914285714285714","0.05914285714285714","0.9976","0.9976","0.9976","0.8532571428571428","0.8532571428571428","0.8532571428571428","0.98955","0.98955","0.98955","0.8611571428571428","0.8611571428571428","0.8611571428571428","0.9901","0.9901","0.9901","0.8422285714285714","0.8422285714285714","0.8422285714285714","0.9895","0.9895","0.9895","0.7757142857142857","0.7757142857142857","0.7757142857142857","0.9936666666666667","0.9936666666666667","0.9936666666666667","0.7738714285714285","0.7738714285714285","0.7738714285714285","0.9936","0.9936","0.9936","0.7438714285714285","0.7438714285714285","0.7438714285714285","0.9948","0.9948","0.9948","0.013342857142857142","0.013342857142857142","0.013342857142857142","0.996","0.996","0.996","0.0151","0.0151","0.0151","0.9952","0.9952","0.9952","0.015142857142857144","0.015142857142857144","0.015142857142857144","0.9952","0.9952","0.9952","0.5020571428571429","0.5020571428571429","0.5020571428571429","0.998","0.998","0.998","0.5008","0.5008","0.5008","0.9984","0.9984","0.9984","0.4895857142857143","0.4895857142857143","0.4895857142857143","0.9981","0.9981","0.9981"
"4800","","","","","","","","","","","","","","","","","","","","","","","","","","","","","","","0.1848857142857143","0.1848857142857143","0.1848857142857143","0.9984","0.9984","0.9984","","","","","","","0.06081428571428572","0.06081428571428572","0.06081428571428572","0.9972","0.9972","0.9972","0.05947142857142857","0.05947142857142857","0.05947142857142857","0.998","0.998","0.998","0.8548","0.8548","0.8548","0.99005","0.99005","0.99005","0.8601428571428571","0.8601428571428571","0.8601428571428571","0.98995","0.98995","0.98995","0.8422","0.8422","0.8422","0.99005","0.99005","0.99005","0.7758285714285714","0.7758285714285714","0.7758285714285714","0.9940666666666667","0.9940666666666667","0.9940666666666667","0.7726285714285714","0.7726285714285714","0.7726285714285714","0.9946","0.9946","0.9946","0.7435285714285714","0.7435285714285714","0.7435285714285714","0.9948","0.9948","0.9948","0.013228571428571428","0.013228571428571428","0.013228571428571428","0.996","0.996","0.996","0.014785714285714286","0.014785714285714286","0.014785714285714286","0.9952","0.9952","0.9952","0.015214285714285715","0.015214285714285715","0.015214285714285715","0.9952","0.9952","0.9952","0.5032571428571428","0.5032571428571428","0.5032571428571428","0.9988","0.9988","0.9988","0.5001714285714286","0.5001714285714286","0.5001714285714286","0.9984","0.9984","0.9984","0.4901142857142857","0.4901142857142857","0.4901142857142857","0.9978","0.9978","0.9978"
"4900","","","","","","","","","","","","","","","","","","","","","","","","","","","","","","","0.18462857142857142","0.18462857142857142","0.18462857142857142","0.998","0.998","0.998","","","","","","","0.0607","0.0607","0.0607","0.9972","0.9972","0.9972","0.05954285714285714","0.05954285714285714","0.05954285714285714","0.9976","0.9976","0.9976","0.8534","0.8534","0.8534","0.9902","0.9902","0.9902","0.8605428571428572","0.8605428571428572","0.8605428571428572","0.9899","0.9899","0.9899","0.842","0.842","0.842","0.9905","0.9905","0.9905","0.7762857142857142","0.7762857142857142","0.7762857142857142","0.9947333333333334","0.9947333333333334","0.9947333333333334","0.7722142857142857","0.7722142857142857","0.7722142857142857","0.9944","0.9944","0.9944","0.7418571428571429","0.7418571428571429","0.7418571428571429","0.9949333333333333","0.9949333333333333","0.9949333333333333","0.013342857142857142","0.013342857142857142","0.013342857142857142","0.9952","0.9952","0.9952","0.014357142857142857","0.014357142857142857","0.014357142857142857","0.9952","0.9952","0.9952","0.015085714285714286","0.015085714285714286","0.015085714285714286","0.9952","0.9952","0.9952","0.5003857142857143","0.5003857142857143","0.5003857142857143","0.9984","0.9984","0.9984","0.501","0.501","0.501","0.9983","0.9983","0.9983","0.48751428571428573","0.48751428571428573","0.48751428571428573","0.9977","0.9977","0.9977"
"5000","","","","","","","","","","","","","","","","","","","","","","","","","","","","","","","0.18455714285714286","0.18455714285714286","0.18455714285714286","0.9986","0.9986","0.9986","","","","","","","0.060385714285714286","0.060385714285714286","0.060385714285714286","0.9972","0.9972","0.9972","0.0589","0.0589","0.0589","0.998","0.998","0.998","0.8552285714285714","0.8552285714285714","0.8552285714285714","0.99025","0.99025","0.99025","0.8597","0.8597","0.8597","0.9898","0.9898","0.9898","0.8413857142857143","0.8413857142857143","0.8413857142857143","0.99055","0.99055","0.99055","0.7757285714285714","0.7757285714285714","0.7757285714285714","0.9943333333333333","0.9943333333333333","0.9943333333333333","0.7727428571428572","0.7727428571428572","0.7727428571428572","0.9952666666666666","0.9952666666666666","0.9952666666666666","0.7421857142857143","0.7421857142857143","0.7421857142857143","0.9954","0.9954","0.9954","0.013514285714285715","0.013514285714285715","0.013514285714285715","0.996","0.996","0.996","0.014814285714285714","0.014814285714285714","0.014814285714285714","0.9952","0.9952","0.9952","0.014985714285714286","0.014985714285714286","0.014985714285714286","0.9952","0.9952","0.9952","0.5012142857142857","0.5012142857142857","0.5012142857142857","0.9983","0.9983","0.9983","0.4981285714285714","0.4981285714285714","0.4981285714285714","0.9986","0.9986","0.9986","0.48734285714285713","0.48734285714285713","0.48734285714285713","0.9979","0.9979","0.9979"