"Step","clutrr_finetuning_7.5k_encoder_1 - val_accuracy","clutrr_finetuning_7.5k_encoder_1 - val_accuracy__MIN","clutrr_finetuning_7.5k_encoder_1 - val_accuracy__MAX","clutrr_finetuning_7.5k_encoder_0 - val_accuracy","clutrr_finetuning_7.5k_encoder_0 - val_accuracy__MIN","clutrr_finetuning_7.5k_encoder_0 - val_accuracy__MAX","clutrr_finetuning_7.5k_decoder_2 - val_accuracy","clutrr_finetuning_7.5k_decoder_2 - val_accuracy__MIN","clutrr_finetuning_7.5k_decoder_2 - val_accuracy__MAX","clutrr_finetuning_7.5k_decoder_1 - val_accuracy","clutrr_finetuning_7.5k_decoder_1 - val_accuracy__MIN","clutrr_finetuning_7.5k_decoder_1 - val_accuracy__MAX","clutrr_finetuning_7.5k_decoder_0 - val_accuracy","clutrr_finetuning_7.5k_decoder_0 - val_accuracy__MIN","clutrr_finetuning_7.5k_decoder_0 - val_accuracy__MAX","clutrr_finetuning_5k_encoder_2 - val_accuracy","clutrr_finetuning_5k_encoder_2 - val_accuracy__MIN","clutrr_finetuning_5k_encoder_2 - val_accuracy__MAX","clutrr_finetuning_5k_encoder_1 - val_accuracy","clutrr_finetuning_5k_encoder_1 - val_accuracy__MIN","clutrr_finetuning_5k_encoder_1 - val_accuracy__MAX","clutrr_finetuning_5k_encoder_0 - val_accuracy","clutrr_finetuning_5k_encoder_0 - val_accuracy__MIN","clutrr_finetuning_5k_encoder_0 - val_accuracy__MAX","clutrr_finetuning_5k_decoder_2 - val_accuracy","clutrr_finetuning_5k_decoder_2 - val_accuracy__MIN","clutrr_finetuning_5k_decoder_2 - val_accuracy__MAX","clutrr_finetuning_5k_decoder_1 - val_accuracy","clutrr_finetuning_5k_decoder_1 - val_accuracy__MIN","clutrr_finetuning_5k_decoder_1 - val_accuracy__MAX"
"50","0.1686190983315584","0.1686190983315584","0.1686190983315584","0.1597444089456869","0.1597444089456869","0.1597444089456869","0.13738019169329074","0.13738019169329074","0.13738019169329074","0.14980475683351083","0.14980475683351083","0.14980475683351083","0.15299964501242458","0.15299964501242458","0.15299964501242458","0.14447994320198793","0.14447994320198793","0.14447994320198793","0.16080937167199147","0.16080937167199147","0.16080937167199147","0.154419595314164","0.154419595314164","0.154419595314164","0.14341498047568335","0.14341498047568335","0.14341498047568335","0.16293929712460065","0.16293929712460065","0.16293929712460065"
"100","0.22612708555200567","0.22612708555200567","0.22612708555200567","0.25275115370962015","0.25275115370962015","0.25275115370962015","0.2374866879659212","0.2374866879659212","0.2374866879659212","0.26198083067092653","0.26198083067092653","0.26198083067092653","0.2719204827831026","0.2719204827831026","0.2719204827831026","0.2073127440539581","0.2073127440539581","0.2073127440539581","0.22541711040113596","0.22541711040113596","0.22541711040113596","0.24245651402200924","0.24245651402200924","0.24245651402200924","0.2548810791622293","0.2548810791622293","0.2548810791622293","0.2417465388711395","0.2417465388711395","0.2417465388711395"
"150","0.3510827121050763","0.3510827121050763","0.3510827121050763","0.3031593894213703","0.3031593894213703","0.3031593894213703","0.3539226127085552","0.3539226127085552","0.3539226127085552","0.35498757543485976","0.35498757543485976","0.35498757543485976","0.3372381966631168","0.3372381966631168","0.3372381966631168","0.3333333333333333","0.3333333333333333","0.3333333333333333","0.3272985445509407","0.3272985445509407","0.3272985445509407","0.3599574014909478","0.3599574014909478","0.3599574014909478","0.344337948171814","0.344337948171814","0.344337948171814","0.3390131345402911","0.3390131345402911","0.3390131345402911"
"200","0.44799432019879304","0.44799432019879304","0.44799432019879304","0.45154419595314166","0.45154419595314166","0.45154419595314166","0.45864394746183884","0.45864394746183884","0.45864394746183884","0.46183883564075257","0.46183883564075257","0.46183883564075257","0.4490592829250976","0.4490592829250976","0.4490592829250976","0.4323748668796592","0.4323748668796592","0.4323748668796592","0.4220802271920483","0.4220802271920483","0.4220802271920483","0.43734469293574724","0.43734469293574724","0.43734469293574724","0.44089456869009586","0.44089456869009586","0.44089456869009586","0.4263400780972666","0.4263400780972666","0.4263400780972666"
"250","0.5260915867944622","0.5260915867944622","0.5260915867944622","0.5303514376996805","0.5303514376996805","0.5303514376996805","0.5630102946396877","0.5630102946396877","0.5630102946396877","0.5715299964501243","0.5715299964501243","0.5715299964501243","0.567270145544906","0.567270145544906","0.567270145544906","0.49307774227902024","0.49307774227902024","0.49307774227902024","0.49378771742988997","0.49378771742988997","0.49378771742988997","0.48313809016684417","0.48313809016684417","0.48313809016684417","0.5133120340788072","0.5133120340788072","0.5133120340788072","0.5069222577209798","0.5069222577209798","0.5069222577209798"
"300","0.6017039403620873","0.6017039403620873","0.6017039403620873","0.6091586794462194","0.6091586794462194","0.6091586794462194","0.6066737664181754","0.6066737664181754","0.6066737664181754","0.6215832445864394","0.6215832445864394","0.6215832445864394","0.6162584309549166","0.6162584309549166","0.6162584309549166","0.5420660276890309","0.5420660276890309","0.5420660276890309","0.5221867234646788","0.5221867234646788","0.5221867234646788","0.5679801206957756","0.5679801206957756","0.5679801206957756","0.5843095491657792","0.5843095491657792","0.5843095491657792","0.559460418885339","0.559460418885339","0.559460418885339"
"350","0.6315228966986155","0.6315228966986155","0.6315228966986155","0.64572239971601","0.64572239971601","0.64572239971601","0.6641817536386226","0.6641817536386226","0.6641817536386226","0.6414625488107917","0.6414625488107917","0.6414625488107917","0.6648917287894923","0.6648917287894923","0.6648917287894923","0.5889243876464324","0.5889243876464324","0.5889243876464324","0.5899893503727369","0.5899893503727369","0.5899893503727369","0.5839545615903443","0.5839545615903443","0.5839545615903443","0.6066737664181754","0.6066737664181754","0.6066737664181754","0.6095136670216542","0.6095136670216542","0.6095136670216542"
"400","0.6574369897053604","0.6574369897053604","0.6574369897053604","0.6691515796947107","0.6691515796947107","0.6691515796947107","0.6925807596734115","0.6925807596734115","0.6925807596734115","0.6656017039403621","0.6656017039403621","0.6656017039403621","0.6815761448349308","0.6815761448349308","0.6815761448349308","0.6222932197373092","0.6222932197373092","0.6222932197373092","0.6112886048988285","0.6112886048988285","0.6112886048988285","0.6180333688320909","0.6180333688320909","0.6180333688320909","0.6198083067092651","0.6198083067092651","0.6198083067092651","0.5942492012779552","0.5942492012779552","0.5942492012779552"
"450","0.6964856230031949","0.6964856230031949","0.6964856230031949","0.6787362442314518","0.6787362442314518","0.6787362442314518","0.6947106851260206","0.6947106851260206","0.6947106851260206","0.6925807596734115","0.6925807596734115","0.6925807596734115","0.6904508342208022","0.6904508342208022","0.6904508342208022","0.6393326233581824","0.6393326233581824","0.6393326233581824","0.635427760028399","0.635427760028399","0.635427760028399","0.6364927227547036","0.6364927227547036","0.6364927227547036","0.6325878594249201","0.6325878594249201","0.6325878594249201","0.6205182818601349","0.6205182818601349","0.6205182818601349"
"500","0.7160099396521121","0.7160099396521121","0.7160099396521121","0.6872559460418886","0.6872559460418886","0.6872559460418886","0.7096201632942847","0.7096201632942847","0.7096201632942847","0.7209797657082002","0.7209797657082002","0.7209797657082002","0.6979055733049343","0.6979055733049343","0.6979055733049343","0.6467873624423145","0.6467873624423145","0.6467873624423145","0.6435924742634008","0.6435924742634008","0.6435924742634008","0.6521121760738374","0.6521121760738374","0.6521121760738374","0.6439474618388357","0.6439474618388357","0.6439474618388357","0.6347177848775293","0.6347177848775293","0.6347177848775293"
"550","0.708910188143415","0.708910188143415","0.708910188143415","0.724174653887114","0.724174653887114","0.724174653887114","0.7596734114306","0.7596734114306","0.7596734114306","0.7135250266240681","0.7135250266240681","0.7135250266240681","0.7373091941782037","0.7373091941782037","0.7373091941782037","0.6616968406105787","0.6616968406105787","0.6616968406105787","0.6542421015264466","0.6542421015264466","0.6542421015264466","0.6435924742634008","0.6435924742634008","0.6435924742634008","0.648207312744054","0.648207312744054","0.648207312744054","0.6474973375931843","0.6474973375931843","0.6474973375931843"
"600","0.7486687965921193","0.7486687965921193","0.7486687965921193","0.7539936102236422","0.7539936102236422","0.7539936102236422","0.7649982250621228","0.7649982250621228","0.7649982250621228","0.7362442314518992","0.7362442314518992","0.7362442314518992","0.7479588214412496","0.7479588214412496","0.7479588214412496","0.6620518281860135","0.6620518281860135","0.6620518281860135","0.6677316293929713","0.6677316293929713","0.6677316293929713","0.6592119275825347","0.6592119275825347","0.6592119275825347","0.6467873624423145","0.6467873624423145","0.6467873624423145","0.6588569400070997","0.6588569400070997","0.6588569400070997"
"650","0.7557685481008165","0.7557685481008165","0.7557685481008165","0.7600283990060348","0.7600283990060348","0.7600283990060348","0.7664181753638623","0.7664181753638623","0.7664181753638623","0.7337593184238551","0.7337593184238551","0.7337593184238551","0.7713880014199503","0.7713880014199503","0.7713880014199503","0.6638267660631878","0.6638267660631878","0.6638267660631878","0.6716364927227547","0.6716364927227547","0.6716364927227547","0.6712815051473199","0.6712815051473199","0.6712815051473199","0.6624068157614483","0.6624068157614483","0.6624068157614483","0.6510472133475328","0.6510472133475328","0.6510472133475328"
"700","0.7625133120340788","0.7625133120340788","0.7625133120340788","0.7653532126375577","0.7653532126375577","0.7653532126375577","0.7791977280795173","0.7791977280795173","0.7791977280795173","0.7809726659566916","0.7809726659566916","0.7809726659566916","0.774582889598864","0.774582889598864","0.774582889598864","0.670926517571885","0.670926517571885","0.670926517571885","0.6727014554490592","0.6727014554490592","0.6727014554490592","0.6577919772807952","0.6577919772807952","0.6577919772807952","0.6538871139510117","0.6538871139510117","0.6538871139510117","0.6553070642527512","0.6553070642527512","0.6553070642527512"
"750","0.7809726659566916","0.7809726659566916","0.7809726659566916","0.7831025914093007","0.7831025914093007","0.7831025914093007","0.7699680511182109","0.7699680511182109","0.7699680511182109","0.7838125665601704","0.7838125665601704","0.7838125665601704","0.7770678026269081","0.7770678026269081","0.7770678026269081","0.6851260205892794","0.6851260205892794","0.6851260205892794","0.6847710330138446","0.6847710330138446","0.6847710330138446","0.6847710330138446","0.6847710330138446","0.6847710330138446","0.6677316293929713","0.6677316293929713","0.6677316293929713","0.6464323748668797","0.6464323748668797","0.6464323748668797"
"800","0.7451189208377706","0.7451189208377706","0.7451189208377706","0.7756478523251686","0.7756478523251686","0.7756478523251686","0.7784877529286475","0.7784877529286475","0.7784877529286475","0.7653532126375577","0.7653532126375577","0.7653532126375577","0.7735179268725595","0.7735179268725595","0.7735179268725595","0.6801561945331913","0.6801561945331913","0.6801561945331913","0.6858359957401491","0.6858359957401491","0.6858359957401491","0.6805111821086262","0.6805111821086262","0.6805111821086262","0.6620518281860135","0.6620518281860135","0.6620518281860135","0.6648917287894923","0.6648917287894923","0.6648917287894923"
"850","0.8022719204827831","0.8022719204827831","0.8022719204827831","0.7760028399006035","0.7760028399006035","0.7760028399006035","0.8058217962371317","0.8058217962371317","0.8058217962371317","0.7997870074547391","0.7997870074547391","0.7997870074547391","0.7859424920127795","0.7859424920127795","0.7859424920127795","0.6741214057507987","0.6741214057507987","0.6741214057507987","0.673411430599929","0.673411430599929","0.673411430599929","0.6808661696840611","0.6808661696840611","0.6808661696840611","0.6631167909123181","0.6631167909123181","0.6631167909123181","0.6673766418175364","0.6673766418175364","0.6673766418175364"
"900","0.7806176783812566","0.7806176783812566","0.7806176783812566","0.8065317713880015","0.8065317713880015","0.8065317713880015","0.805111821086262","0.805111821086262","0.805111821086262","0.7955271565495208","0.7955271565495208","0.7955271565495208","0.7788427405040823","0.7788427405040823","0.7788427405040823","0.6940007099751508","0.6940007099751508","0.6940007099751508","0.6780262690805822","0.6780262690805822","0.6780262690805822","0.6851260205892794","0.6851260205892794","0.6851260205892794","0.6730564430244942","0.6730564430244942","0.6730564430244942","0.6748313809016684","0.6748313809016684","0.6748313809016684"
"950","0.8061767838125665","0.8061767838125665","0.8061767838125665","0.8132765353212638","0.8132765353212638","0.8132765353212638","0.8061767838125665","0.8061767838125665","0.8061767838125665","0.7926872559460418","0.7926872559460418","0.7926872559460418","0.7887823926162584","0.7887823926162584","0.7887823926162584","0.6890308839190629","0.6890308839190629","0.6890308839190629","0.6865459708910188","0.6865459708910188","0.6865459708910188","0.6950656727014555","0.6950656727014555","0.6950656727014555","0.665956691515797","0.665956691515797","0.665956691515797","0.6631167909123181","0.6631167909123181","0.6631167909123181"
"1000","0.8129215477458289","0.8129215477458289","0.8129215477458289","0.7884274050408235","0.7884274050408235","0.7884274050408235","0.7866524671636492","0.7866524671636492","0.7866524671636492","0.7969471068512602","0.7969471068512602","0.7969471068512602","0.7990770323038694","0.7990770323038694","0.7990770323038694","0.6737664181753639","0.6737664181753639","0.6737664181753639","0.6730564430244942","0.6730564430244942","0.6730564430244942","0.6922257720979765","0.6922257720979765","0.6922257720979765","0.6847710330138446","0.6847710330138446","0.6847710330138446","0.6826411075612353","0.6826411075612353","0.6826411075612353"
"1050","0.7990770323038694","0.7990770323038694","0.7990770323038694","0.8235711750088747","0.8235711750088747","0.8235711750088747","0.8115015974440895","0.8115015974440895","0.8115015974440895","0.802626908058218","0.802626908058218","0.802626908058218","0.7926872559460418","0.7926872559460418","0.7926872559460418","0.6858359957401491","0.6858359957401491","0.6858359957401491","0.6716364927227547","0.6716364927227547","0.6716364927227547","0.6595669151579695","0.6595669151579695","0.6595669151579695","0.6705715299964501","0.6705715299964501","0.6705715299964501","0.6847710330138446","0.6847710330138446","0.6847710330138446"
"1100","0.8299609513667021","0.8299609513667021","0.8299609513667021","0.8093716719914803","0.8093716719914803","0.8093716719914803","0.8104366347177849","0.8104366347177849","0.8104366347177849","0.8022719204827831","0.8022719204827831","0.8022719204827831","0.8129215477458289","0.8129215477458289","0.8129215477458289","0.6964856230031949","0.6964856230031949","0.6964856230031949","0.6858359957401491","0.6858359957401491","0.6858359957401491","0.6968406105786298","0.6968406105786298","0.6968406105786298","0.6844160454384096","0.6844160454384096","0.6844160454384096","0.6677316293929713","0.6677316293929713","0.6677316293929713"
"1150","0.8335108271210507","0.8335108271210507","0.8335108271210507","0.8313809016684416","0.8313809016684416","0.8313809016684416","0.8146964856230032","0.8146964856230032","0.8146964856230032","0.8196663116790912","0.8196663116790912","0.8196663116790912","0.822861199858005","0.822861199858005","0.822861199858005","0.6723464678736244","0.6723464678736244","0.6723464678736244","0.6822861199858005","0.6822861199858005","0.6822861199858005","0.6932907348242812","0.6932907348242812","0.6932907348242812","0.6787362442314518","0.6787362442314518","0.6787362442314518","0.673411430599929","0.673411430599929","0.673411430599929"
"1200","0.8356407525736599","0.8356407525736599","0.8356407525736599","0.8288959886403976","0.8288959886403976","0.8288959886403976","0.8058217962371317","0.8058217962371317","0.8058217962371317","0.8214412495562655","0.8214412495562655","0.8214412495562655","0.8086616968406106","0.8086616968406106","0.8086616968406106","0.691160809371672","0.691160809371672","0.691160809371672","0.688675896343628","0.688675896343628","0.688675896343628","0.6876109336173234","0.6876109336173234","0.6876109336173234","0.6677316293929713","0.6677316293929713","0.6677316293929713","0.6805111821086262","0.6805111821086262","0.6805111821086262"
"1250","0.8086616968406106","0.8086616968406106","0.8086616968406106","0.8313809016684416","0.8313809016684416","0.8313809016684416","0.8235711750088747","0.8235711750088747","0.8235711750088747","0.8193113241036564","0.8193113241036564","0.8193113241036564","0.8178913738019169","0.8178913738019169","0.8178913738019169","0.6861909833155839","0.6861909833155839","0.6861909833155839","0.6829960951366703","0.6829960951366703","0.6829960951366703","0.6954206602768903","0.6954206602768903","0.6954206602768903","0.6837060702875399","0.6837060702875399","0.6837060702875399","0.6538871139510117","0.6538871139510117","0.6538871139510117"
"1300","0.8374156904508342","0.8374156904508342","0.8374156904508342","0.8391906283280085","0.8391906283280085","0.8391906283280085","0.835285764998225","0.835285764998225","0.835285764998225","0.822861199858005","0.822861199858005","0.822861199858005","0.8012069577564785","0.8012069577564785","0.8012069577564785","0.6780262690805822","0.6780262690805822","0.6780262690805822","0.6741214057507987","0.6741214057507987","0.6741214057507987","0.6940007099751508","0.6940007099751508","0.6940007099751508","0.6755413560525382","0.6755413560525382","0.6755413560525382","0.6883209087681931","0.6883209087681931","0.6883209087681931"
"1350","0.8264110756123536","0.8264110756123536","0.8264110756123536","0.8349307774227902","0.8349307774227902","0.8349307774227902","0.8104366347177849","0.8104366347177849","0.8104366347177849","0.8281860134895279","0.8281860134895279","0.8281860134895279","0.8313809016684416","0.8313809016684416","0.8313809016684416","0.6915157969471069","0.6915157969471069","0.6915157969471069","0.6943556975505857","0.6943556975505857","0.6943556975505857","0.6755413560525382","0.6755413560525382","0.6755413560525382","0.6798012069577565","0.6798012069577565","0.6798012069577565","0.6829960951366703","0.6829960951366703","0.6829960951366703"
"1400","0.8484203052893149","0.8484203052893149","0.8484203052893149","0.8384806531771388","0.8384806531771388","0.8384806531771388","0.8242811501597445","0.8242811501597445","0.8242811501597445","0.8292509762158324","0.8292509762158324","0.8292509762158324","0.8083067092651757","0.8083067092651757","0.8083067092651757","0.7000354987575435","0.7000354987575435","0.7000354987575435","0.6915157969471069","0.6915157969471069","0.6915157969471069","0.6826411075612353","0.6826411075612353","0.6826411075612353","0.6776712815051473","0.6776712815051473","0.6776712815051473","0.6648917287894923","0.6648917287894923","0.6648917287894923"
"1450","0.8473553425630103","0.8473553425630103","0.8473553425630103","0.8487752928647497","0.8487752928647497","0.8487752928647497","0.8313809016684416","0.8313809016684416","0.8313809016684416","0.8260560880369187","0.8260560880369187","0.8260560880369187","0.8320908768193114","0.8320908768193114","0.8320908768193114","0.6929357472488463","0.6929357472488463","0.6929357472488463","0.6865459708910188","0.6865459708910188","0.6865459708910188","0.6755413560525382","0.6755413560525382","0.6755413560525382","0.6737664181753639","0.6737664181753639","0.6737664181753639","0.6766063187788427","0.6766063187788427","0.6766063187788427"
"1500","0.8466453674121406","0.8466453674121406","0.8466453674121406","0.8356407525736599","0.8356407525736599","0.8356407525736599","0.8168264110756124","0.8168264110756124","0.8168264110756124","0.8356407525736599","0.8356407525736599","0.8356407525736599","0.827831025914093","0.827831025914093","0.827831025914093","0.688675896343628","0.688675896343628","0.688675896343628","0.693645722399716","0.693645722399716","0.693645722399716","0.6737664181753639","0.6737664181753639","0.6737664181753639","0.6631167909123181","0.6631167909123181","0.6631167909123181","0.655662051828186","0.655662051828186","0.655662051828186"
"1550","0.832800851970181","0.832800851970181","0.832800851970181","0.8448704295349663","0.8448704295349663","0.8448704295349663","0.8313809016684416","0.8313809016684416","0.8313809016684416","0.8342208022719205","0.8342208022719205","0.8342208022719205","0.8317358892438764","0.8317358892438764","0.8317358892438764","0.7003904863329783","0.7003904863329783","0.7003904863329783","0.6851260205892794","0.6851260205892794","0.6851260205892794","0.6712815051473199","0.6712815051473199","0.6712815051473199","0.6744763933262335","0.6744763933262335","0.6744763933262335","0.6748313809016684","0.6748313809016684","0.6748313809016684"
"1600","0.8470003549875754","0.8470003549875754","0.8470003549875754","0.8470003549875754","0.8470003549875754","0.8470003549875754","0.845580404685836","0.845580404685836","0.845580404685836","0.8359957401490948","0.8359957401490948","0.8359957401490948","0.8285410010649628","0.8285410010649628","0.8285410010649628","0.6975505857294995","0.6975505857294995","0.6975505857294995","0.6982605608803691","0.6982605608803691","0.6982605608803691","0.6996805111821086","0.6996805111821086","0.6996805111821086","0.6727014554490592","0.6727014554490592","0.6727014554490592","0.675896343627973","0.675896343627973","0.675896343627973"
"1650","0.8409655662051828","0.8409655662051828","0.8409655662051828","0.8441604543840966","0.8441604543840966","0.8441604543840966","0.835285764998225","0.835285764998225","0.835285764998225","0.825346112886049","0.825346112886049","0.825346112886049","0.8225062122825701","0.8225062122825701","0.8225062122825701","0.6947106851260206","0.6947106851260206","0.6947106851260206","0.69613063542776","0.69613063542776","0.69613063542776","0.6876109336173234","0.6876109336173234","0.6876109336173234","0.6801561945331913","0.6801561945331913","0.6801561945331913","0.6695065672701456","0.6695065672701456","0.6695065672701456"
"1700","0.8420305289314874","0.8420305289314874","0.8420305289314874","0.850550230741924","0.850550230741924","0.850550230741924","0.8416755413560525","0.8416755413560525","0.8416755413560525","0.8445154419595314","0.8445154419595314","0.8445154419595314","0.8310259140930067","0.8310259140930067","0.8310259140930067","0.7042953496627617","0.7042953496627617","0.7042953496627617","0.6861909833155839","0.6861909833155839","0.6861909833155839","0.6954206602768903","0.6954206602768903","0.6954206602768903","0.6741214057507987","0.6741214057507987","0.6741214057507987","0.678381256656017","0.678381256656017","0.678381256656017"
"1750","0.850550230741924","0.850550230741924","0.850550230741924","0.8470003549875754","0.8470003549875754","0.8470003549875754","0.8438054668086616","0.8438054668086616","0.8438054668086616","0.8519701810436635","0.8519701810436635","0.8519701810436635","0.8207312744053958","0.8207312744053958","0.8207312744053958","0.663471778487753","0.663471778487753","0.663471778487753","0.6854810081647142","0.6854810081647142","0.6854810081647142","0.6929357472488463","0.6929357472488463","0.6929357472488463","0.6744763933262335","0.6744763933262335","0.6744763933262335","0.6847710330138446","0.6847710330138446","0.6847710330138446"
"1800","0.8501952431664892","0.8501952431664892","0.8501952431664892","0.8445154419595314","0.8445154419595314","0.8445154419595314","0.838125665601704","0.838125665601704","0.838125665601704","0.8452254171104011","0.8452254171104011","0.8452254171104011","0.8494852680156194","0.8494852680156194","0.8494852680156194","0.6982605608803691","0.6982605608803691","0.6982605608803691","0.6929357472488463","0.6929357472488463","0.6929357472488463","0.6971955981540646","0.6971955981540646","0.6971955981540646","0.6858359957401491","0.6858359957401491","0.6858359957401491","0.6712815051473199","0.6712815051473199","0.6712815051473199"
"1850","0.8491302804401846","0.8491302804401846","0.8491302804401846","0.8537451189208378","0.8537451189208378","0.8537451189208378","0.8359957401490948","0.8359957401490948","0.8359957401490948","0.8434504792332268","0.8434504792332268","0.8434504792332268","0.8232161874334398","0.8232161874334398","0.8232161874334398","0.7025204117855876","0.7025204117855876","0.7025204117855876","0.6900958466453674","0.6900958466453674","0.6900958466453674","0.6975505857294995","0.6975505857294995","0.6975505857294995","0.6730564430244942","0.6730564430244942","0.6730564430244942","0.6741214057507987","0.6741214057507987","0.6741214057507987"
"1900","0.8370607028753994","0.8370607028753994","0.8370607028753994","0.8487752928647497","0.8487752928647497","0.8487752928647497","0.8484203052893149","0.8484203052893149","0.8484203052893149","0.8420305289314874","0.8420305289314874","0.8420305289314874","0.8274760383386581","0.8274760383386581","0.8274760383386581","0.7028753993610224","0.7028753993610224","0.7028753993610224","0.6979055733049343","0.6979055733049343","0.6979055733049343","0.6979055733049343","0.6979055733049343","0.6979055733049343","0.6652467163649273","0.6652467163649273","0.6652467163649273","0.678381256656017","0.678381256656017","0.678381256656017"
"1950","0.8473553425630103","0.8473553425630103","0.8473553425630103","0.850550230741924","0.850550230741924","0.850550230741924","0.8359957401490948","0.8359957401490948","0.8359957401490948","0.8459353922612709","0.8459353922612709","0.8459353922612709","0.845580404685836","0.845580404685836","0.845580404685836","0.7011004614838481","0.7011004614838481","0.7011004614838481","0.688675896343628","0.688675896343628","0.688675896343628","0.6975505857294995","0.6975505857294995","0.6975505857294995","0.6805111821086262","0.6805111821086262","0.6805111821086262","0.6723464678736244","0.6723464678736244","0.6723464678736244"
"2000","0.8533901313454029","0.8533901313454029","0.8533901313454029","0.8537451189208378","0.8537451189208378","0.8537451189208378","0.8399006034788783","0.8399006034788783","0.8399006034788783","0.8501952431664892","0.8501952431664892","0.8501952431664892","0.8367057152999645","0.8367057152999645","0.8367057152999645","0.6982605608803691","0.6982605608803691","0.6982605608803691","0.6975505857294995","0.6975505857294995","0.6975505857294995","0.7071352502662407","0.7071352502662407","0.7071352502662407","0.6794462193823216","0.6794462193823216","0.6794462193823216","0.6677316293929713","0.6677316293929713","0.6677316293929713"
"2050","0.8633297834575789","0.8633297834575789","0.8633297834575789","0.8498402555910544","0.8498402555910544","0.8498402555910544","0.8370607028753994","0.8370607028753994","0.8370607028753994","0.8462903798367057","0.8462903798367057","0.8462903798367057","0.838125665601704","0.838125665601704","0.838125665601704","0.6876109336173234","0.6876109336173234","0.6876109336173234","0.6918707845225417","0.6918707845225417","0.6918707845225417","0.6971955981540646","0.6971955981540646","0.6971955981540646","0.6787362442314518","0.6787362442314518","0.6787362442314518","0.6798012069577565","0.6798012069577565","0.6798012069577565"
"2100","0.8484203052893149","0.8484203052893149","0.8484203052893149","0.8533901313454029","0.8533901313454029","0.8533901313454029","0.8356407525736599","0.8356407525736599","0.8356407525736599","0.8423855165069223","0.8423855165069223","0.8423855165069223","0.8459353922612709","0.8459353922612709","0.8459353922612709","0.6897408590699325","0.6897408590699325","0.6897408590699325","0.6915157969471069","0.6915157969471069","0.6915157969471069","0.7032303869364572","0.7032303869364572","0.7032303869364572","0.6787362442314518","0.6787362442314518","0.6787362442314518","0.6780262690805822","0.6780262690805822","0.6780262690805822"
"2150","0.8274760383386581","0.8274760383386581","0.8274760383386581","0.8441604543840966","0.8441604543840966","0.8441604543840966","0.8438054668086616","0.8438054668086616","0.8438054668086616","0.8306709265175719","0.8306709265175719","0.8306709265175719","0.8374156904508342","0.8374156904508342","0.8374156904508342","0.6993255236066738","0.6993255236066738","0.6993255236066738","0.69613063542776","0.69613063542776","0.69613063542776","0.7014554490592829","0.7014554490592829","0.7014554490592829","0.6787362442314518","0.6787362442314518","0.6787362442314518","0.6833510827121051","0.6833510827121051","0.6833510827121051"
"2200","0.8399006034788783","0.8399006034788783","0.8399006034788783","0.8516151934682286","0.8516151934682286","0.8516151934682286","0.8370607028753994","0.8370607028753994","0.8370607028753994","0.8384806531771388","0.8384806531771388","0.8384806531771388","0.8359957401490948","0.8359957401490948","0.8359957401490948","0.6940007099751508","0.6940007099751508","0.6940007099751508","0.6904508342208022","0.6904508342208022","0.6904508342208022","0.6982605608803691","0.6982605608803691","0.6982605608803691","0.6822861199858005","0.6822861199858005","0.6822861199858005","0.6844160454384096","0.6844160454384096","0.6844160454384096"
"2250","0.8548100816471423","0.8548100816471423","0.8548100816471423","0.8544550940717075","0.8544550940717075","0.8544550940717075","0.8441604543840966","0.8441604543840966","0.8441604543840966","0.8544550940717075","0.8544550940717075","0.8544550940717075","0.840610578629748","0.840610578629748","0.840610578629748","0.6872559460418886","0.6872559460418886","0.6872559460418886","0.688675896343628","0.688675896343628","0.688675896343628","0.6979055733049343","0.6979055733049343","0.6979055733049343","0.6833510827121051","0.6833510827121051","0.6833510827121051","0.6794462193823216","0.6794462193823216","0.6794462193823216"
"2300","0.8363507277245297","0.8363507277245297","0.8363507277245297","0.8636847710330139","0.8636847710330139","0.8636847710330139","0.8512602058927937","0.8512602058927937","0.8512602058927937","0.8594249201277955","0.8594249201277955","0.8594249201277955","0.8335108271210507","0.8335108271210507","0.8335108271210507","0.6925807596734115","0.6925807596734115","0.6925807596734115","0.6865459708910188","0.6865459708910188","0.6865459708910188","0.7057152999645012","0.7057152999645012","0.7057152999645012","0.6844160454384096","0.6844160454384096","0.6844160454384096","0.6805111821086262","0.6805111821086262","0.6805111821086262"
"2350","0.858359957401491","0.858359957401491","0.858359957401491","0.8445154419595314","0.8445154419595314","0.8445154419595314","0.8473553425630103","0.8473553425630103","0.8473553425630103","0.838125665601704","0.838125665601704","0.838125665601704","0.8470003549875754","0.8470003549875754","0.8470003549875754","0.693645722399716","0.693645722399716","0.693645722399716","0.7067802626908058","0.7067802626908058","0.7067802626908058","0.7025204117855876","0.7025204117855876","0.7025204117855876","0.6865459708910188","0.6865459708910188","0.6865459708910188","0.6837060702875399","0.6837060702875399","0.6837060702875399"
"2400","0.8604898828541001","0.8604898828541001","0.8604898828541001","0.8466453674121406","0.8466453674121406","0.8466453674121406","0.8423855165069223","0.8423855165069223","0.8423855165069223","0.8587149449769258","0.8587149449769258","0.8587149449769258","0.8501952431664892","0.8501952431664892","0.8501952431664892","0.6780262690805822","0.6780262690805822","0.6780262690805822","0.7032303869364572","0.7032303869364572","0.7032303869364572","0.708910188143415","0.708910188143415","0.708910188143415","0.6837060702875399","0.6837060702875399","0.6837060702875399","0.6822861199858005","0.6822861199858005","0.6822861199858005"
"2450","0.8473553425630103","0.8473553425630103","0.8473553425630103","0.8402555910543131","0.8402555910543131","0.8402555910543131","0.8541001064962727","0.8541001064962727","0.8541001064962727","0.8420305289314874","0.8420305289314874","0.8420305289314874","0.8501952431664892","0.8501952431664892","0.8501952431664892","0.6950656727014555","0.6950656727014555","0.6950656727014555","0.7074902378416755","0.7074902378416755","0.7074902378416755","0.6975505857294995","0.6975505857294995","0.6975505857294995","0.6695065672701456","0.6695065672701456","0.6695065672701456","0.6819311324103656","0.6819311324103656","0.6819311324103656"
"2500","0.860844870429535","0.860844870429535","0.860844870429535","0.8452254171104011","0.8452254171104011","0.8452254171104011","0.8562300319488818","0.8562300319488818","0.8562300319488818","0.853035143769968","0.853035143769968","0.853035143769968","0.8370607028753994","0.8370607028753994","0.8370607028753994","0.7032303869364572","0.7032303869364572","0.7032303869364572","0.7028753993610224","0.7028753993610224","0.7028753993610224","0.7039403620873269","0.7039403620873269","0.7039403620873269","0.6776712815051473","0.6776712815051473","0.6776712815051473","0.6727014554490592","0.6727014554490592","0.6727014554490592"
"2550","0.858359957401491","0.858359957401491","0.858359957401491","0.8548100816471423","0.8548100816471423","0.8548100816471423","0.8587149449769258","0.8587149449769258","0.8587149449769258","0.8548100816471423","0.8548100816471423","0.8548100816471423","0.8370607028753994","0.8370607028753994","0.8370607028753994","0.706425275115371","0.706425275115371","0.706425275115371","0.6996805111821086","0.6996805111821086","0.6996805111821086","0.6986155484558041","0.6986155484558041","0.6986155484558041","0.6698615548455804","0.6698615548455804","0.6698615548455804","0.6865459708910188","0.6865459708910188","0.6865459708910188"
"2600","0.8622648207312744","0.8622648207312744","0.8622648207312744","0.8523251686190984","0.8523251686190984","0.8523251686190984","0.8402555910543131","0.8402555910543131","0.8402555910543131","0.8448704295349663","0.8448704295349663","0.8448704295349663","0.8470003549875754","0.8470003549875754","0.8470003549875754","0.7096201632942847","0.7096201632942847","0.7096201632942847","0.6908058217962372","0.6908058217962372","0.6908058217962372","0.6986155484558041","0.6986155484558041","0.6986155484558041","0.6897408590699325","0.6897408590699325","0.6897408590699325","0.6872559460418886","0.6872559460418886","0.6872559460418886"
"2650","0.8487752928647497","0.8487752928647497","0.8487752928647497","0.8551650692225772","0.8551650692225772","0.8551650692225772","0.8523251686190984","0.8523251686190984","0.8523251686190984","0.8487752928647497","0.8487752928647497","0.8487752928647497","0.858359957401491","0.858359957401491","0.858359957401491","0.7078452254171104","0.7078452254171104","0.7078452254171104","0.6964856230031949","0.6964856230031949","0.6964856230031949","0.6964856230031949","0.6964856230031949","0.6964856230031949","0.6865459708910188","0.6865459708910188","0.6865459708910188","0.6883209087681931","0.6883209087681931","0.6883209087681931"
"2700","0.8661696840610579","0.8661696840610579","0.8661696840610579","0.835285764998225","0.835285764998225","0.835285764998225","0.8533901313454029","0.8533901313454029","0.8533901313454029","0.8374156904508342","0.8374156904508342","0.8374156904508342","0.8501952431664892","0.8501952431664892","0.8501952431664892","0.7046503372381967","0.7046503372381967","0.7046503372381967","0.6915157969471069","0.6915157969471069","0.6915157969471069","0.7067802626908058","0.7067802626908058","0.7067802626908058","0.6766063187788427","0.6766063187788427","0.6766063187788427","0.6762513312034079","0.6762513312034079","0.6762513312034079"
"2750","0.8651047213347532","0.8651047213347532","0.8651047213347532","0.8562300319488818","0.8562300319488818","0.8562300319488818","0.8594249201277955","0.8594249201277955","0.8594249201277955","0.8537451189208378","0.8537451189208378","0.8537451189208378","0.8580049698260561","0.8580049698260561","0.8580049698260561","0.708910188143415","0.708910188143415","0.708910188143415","0.6840610578629748","0.6840610578629748","0.6840610578629748","0.7042953496627617","0.7042953496627617","0.7042953496627617","0.6808661696840611","0.6808661696840611","0.6808661696840611","0.6833510827121051","0.6833510827121051","0.6833510827121051"
"2800","0.865814696485623","0.865814696485623","0.865814696485623","0.8590699325523606","0.8590699325523606","0.8590699325523606","0.8391906283280085","0.8391906283280085","0.8391906283280085","0.8409655662051828","0.8409655662051828","0.8409655662051828","0.8576499822506213","0.8576499822506213","0.8576499822506213","0.7018104366347178","0.7018104366347178","0.7018104366347178","0.6954206602768903","0.6954206602768903","0.6954206602768903","0.7071352502662407","0.7071352502662407","0.7071352502662407","0.6822861199858005","0.6822861199858005","0.6822861199858005","0.6819311324103656","0.6819311324103656","0.6819311324103656"
"2850","0.8654597089101882","0.8654597089101882","0.8654597089101882","0.8636847710330139","0.8636847710330139","0.8636847710330139","0.8516151934682286","0.8516151934682286","0.8516151934682286","0.8633297834575789","0.8633297834575789","0.8633297834575789","0.8572949946751863","0.8572949946751863","0.8572949946751863","0.6890308839190629","0.6890308839190629","0.6890308839190629","0.6975505857294995","0.6975505857294995","0.6975505857294995","0.7050053248136315","0.7050053248136315","0.7050053248136315","0.6865459708910188","0.6865459708910188","0.6865459708910188","0.6769613063542776","0.6769613063542776","0.6769613063542776"
"2900","0.855875044373447","0.855875044373447","0.855875044373447","0.8622648207312744","0.8622648207312744","0.8622648207312744","0.8572949946751863","0.8572949946751863","0.8572949946751863","0.8537451189208378","0.8537451189208378","0.8537451189208378","0.8494852680156194","0.8494852680156194","0.8494852680156194","0.706425275115371","0.706425275115371","0.706425275115371","0.6865459708910188","0.6865459708910188","0.6865459708910188","0.7060702875399361","0.7060702875399361","0.7060702875399361","0.6883209087681931","0.6883209087681931","0.6883209087681931","0.6883209087681931","0.6883209087681931","0.6883209087681931"
"2950","0.858359957401491","0.858359957401491","0.858359957401491","0.8562300319488818","0.8562300319488818","0.8562300319488818","0.8565850195243166","0.8565850195243166","0.8565850195243166","0.8615548455804047","0.8615548455804047","0.8615548455804047","0.8470003549875754","0.8470003549875754","0.8470003549875754","0.7000354987575435","0.7000354987575435","0.7000354987575435","0.7007454739084132","0.7007454739084132","0.7007454739084132","0.7000354987575435","0.7000354987575435","0.7000354987575435","0.6858359957401491","0.6858359957401491","0.6858359957401491","0.681221157259496","0.681221157259496","0.681221157259496"
"3000","0.8661696840610579","0.8661696840610579","0.8661696840610579","0.8523251686190984","0.8523251686190984","0.8523251686190984","0.8619098331558396","0.8619098331558396","0.8619098331558396","0.8509052183173589","0.8509052183173589","0.8509052183173589","0.8441604543840966","0.8441604543840966","0.8441604543840966","0.688675896343628","0.688675896343628","0.688675896343628","0.6947106851260206","0.6947106851260206","0.6947106851260206","0.7014554490592829","0.7014554490592829","0.7014554490592829","0.6702165424210152","0.6702165424210152","0.6702165424210152","0.6773162939297125","0.6773162939297125","0.6773162939297125"
"3050","0.8594249201277955","0.8594249201277955","0.8594249201277955","0.8551650692225772","0.8551650692225772","0.8551650692225772","0.8498402555910544","0.8498402555910544","0.8498402555910544","0.8679446219382322","0.8679446219382322","0.8679446219382322","0.8402555910543131","0.8402555910543131","0.8402555910543131","0.7060702875399361","0.7060702875399361","0.7060702875399361","0.6872559460418886","0.6872559460418886","0.6872559460418886","0.7071352502662407","0.7071352502662407","0.7071352502662407","0.681221157259496","0.681221157259496","0.681221157259496","0.6822861199858005","0.6822861199858005","0.6822861199858005"
"3100","0.853035143769968","0.853035143769968","0.853035143769968","0.8636847710330139","0.8636847710330139","0.8636847710330139","0.8416755413560525","0.8416755413560525","0.8416755413560525","0.8576499822506213","0.8576499822506213","0.8576499822506213","0.8572949946751863","0.8572949946751863","0.8572949946751863","0.7074902378416755","0.7074902378416755","0.7074902378416755","0.6964856230031949","0.6964856230031949","0.6964856230031949","0.7021654242101526","0.7021654242101526","0.7021654242101526","0.6844160454384096","0.6844160454384096","0.6844160454384096","0.6833510827121051","0.6833510827121051","0.6833510827121051"
"3150","0.8629747958821441","0.8629747958821441","0.8629747958821441","0.8594249201277955","0.8594249201277955","0.8594249201277955","0.8580049698260561","0.8580049698260561","0.8580049698260561","0.860844870429535","0.860844870429535","0.860844870429535","0.8576499822506213","0.8576499822506213","0.8576499822506213","0.708910188143415","0.708910188143415","0.708910188143415","0.6897408590699325","0.6897408590699325","0.6897408590699325","0.7039403620873269","0.7039403620873269","0.7039403620873269","0.6900958466453674","0.6900958466453674","0.6900958466453674","0.6929357472488463","0.6929357472488463","0.6929357472488463"
"3200","0.8601348952786653","0.8601348952786653","0.8601348952786653","0.8576499822506213","0.8576499822506213","0.8576499822506213","0.855520056798012","0.855520056798012","0.855520056798012","0.8675896343627973","0.8675896343627973","0.8675896343627973","0.8572949946751863","0.8572949946751863","0.8572949946751863","0.7003904863329783","0.7003904863329783","0.7003904863329783","0.6979055733049343","0.6979055733049343","0.6979055733049343","0.7046503372381967","0.7046503372381967","0.7046503372381967","0.6900958466453674","0.6900958466453674","0.6900958466453674","0.6932907348242812","0.6932907348242812","0.6932907348242812"
"3250","0.865814696485623","0.865814696485623","0.865814696485623","0.84806531771388","0.84806531771388","0.84806531771388","0.8548100816471423","0.8548100816471423","0.8548100816471423","0.843095491657792","0.843095491657792","0.843095491657792","0.8501952431664892","0.8501952431664892","0.8501952431664892","0.7099751508697195","0.7099751508697195","0.7099751508697195","0.6986155484558041","0.6986155484558041","0.6986155484558041","0.7032303869364572","0.7032303869364572","0.7032303869364572","0.6883209087681931","0.6883209087681931","0.6883209087681931","0.688675896343628","0.688675896343628","0.688675896343628"
"3300","0.8668796592119276","0.8668796592119276","0.8668796592119276","0.8640397586084487","0.8640397586084487","0.8640397586084487","0.8619098331558396","0.8619098331558396","0.8619098331558396","0.8587149449769258","0.8587149449769258","0.8587149449769258","0.8594249201277955","0.8594249201277955","0.8594249201277955","0.6925807596734115","0.6925807596734115","0.6925807596734115","0.6904508342208022","0.6904508342208022","0.6904508342208022","0.6957756478523252","0.6957756478523252","0.6957756478523252","0.6808661696840611","0.6808661696840611","0.6808661696840611","0.6787362442314518","0.6787362442314518","0.6787362442314518"
"3350","0.8714944976925808","0.8714944976925808","0.8714944976925808","0.8640397586084487","0.8640397586084487","0.8640397586084487","0.8633297834575789","0.8633297834575789","0.8633297834575789","0.8611998580049698","0.8611998580049698","0.8611998580049698","0.8636847710330139","0.8636847710330139","0.8636847710330139","0.6993255236066738","0.6993255236066738","0.6993255236066738","0.6918707845225417","0.6918707845225417","0.6918707845225417","0.69613063542776","0.69613063542776","0.69613063542776","0.6897408590699325","0.6897408590699325","0.6897408590699325","0.688675896343628","0.688675896343628","0.688675896343628"
"3400","0.8629747958821441","0.8629747958821441","0.8629747958821441","0.8420305289314874","0.8420305289314874","0.8420305289314874","0.8516151934682286","0.8516151934682286","0.8516151934682286","0.8597799077032304","0.8597799077032304","0.8597799077032304","0.8580049698260561","0.8580049698260561","0.8580049698260561","0.7046503372381967","0.7046503372381967","0.7046503372381967","0.691160809371672","0.691160809371672","0.691160809371672","0.7014554490592829","0.7014554490592829","0.7014554490592829","0.6904508342208022","0.6904508342208022","0.6904508342208022","0.681221157259496","0.681221157259496","0.681221157259496"
"3450","0.8668796592119276","0.8668796592119276","0.8668796592119276","0.8533901313454029","0.8533901313454029","0.8533901313454029","0.8533901313454029","0.8533901313454029","0.8533901313454029","0.8665246716364927","0.8665246716364927","0.8665246716364927","0.8626198083067093","0.8626198083067093","0.8626198083067093","0.7085552005679802","0.7085552005679802","0.7085552005679802","0.6989705360312389","0.6989705360312389","0.6989705360312389","0.7050053248136315","0.7050053248136315","0.7050053248136315","0.6893858714944977","0.6893858714944977","0.6893858714944977","0.6691515796947107","0.6691515796947107","0.6691515796947107"
"3500","0.8629747958821441","0.8629747958821441","0.8629747958821441","0.8629747958821441","0.8629747958821441","0.8629747958821441","0.8580049698260561","0.8580049698260561","0.8580049698260561","0.858359957401491","0.858359957401491","0.858359957401491","0.8672346467873624","0.8672346467873624","0.8672346467873624","0.7050053248136315","0.7050053248136315","0.7050053248136315","0.7007454739084132","0.7007454739084132","0.7007454739084132","0.7067802626908058","0.7067802626908058","0.7067802626908058","0.693645722399716","0.693645722399716","0.693645722399716","0.6840610578629748","0.6840610578629748","0.6840610578629748"
"3550","0.868299609513667","0.868299609513667","0.868299609513667","0.8569400070997515","0.8569400070997515","0.8569400070997515","0.8494852680156194","0.8494852680156194","0.8494852680156194","0.8537451189208378","0.8537451189208378","0.8537451189208378","0.853035143769968","0.853035143769968","0.853035143769968","0.7096201632942847","0.7096201632942847","0.7096201632942847","0.69613063542776","0.69613063542776","0.69613063542776","0.7000354987575435","0.7000354987575435","0.7000354987575435","0.6883209087681931","0.6883209087681931","0.6883209087681931","0.6819311324103656","0.6819311324103656","0.6819311324103656"
"3600","0.8711395101171459","0.8711395101171459","0.8711395101171459","0.8597799077032304","0.8597799077032304","0.8597799077032304","0.8569400070997515","0.8569400070997515","0.8569400070997515","0.8594249201277955","0.8594249201277955","0.8594249201277955","0.8611998580049698","0.8611998580049698","0.8611998580049698","0.7007454739084132","0.7007454739084132","0.7007454739084132","0.7018104366347178","0.7018104366347178","0.7018104366347178","0.7042953496627617","0.7042953496627617","0.7042953496627617","0.6954206602768903","0.6954206602768903","0.6954206602768903","0.6918707845225417","0.6918707845225417","0.6918707845225417"
"3650","0.8636847710330139","0.8636847710330139","0.8636847710330139","0.8541001064962727","0.8541001064962727","0.8541001064962727","0.835285764998225","0.835285764998225","0.835285764998225","0.855875044373447","0.855875044373447","0.855875044373447","0.8565850195243166","0.8565850195243166","0.8565850195243166","0.7050053248136315","0.7050053248136315","0.7050053248136315","0.7007454739084132","0.7007454739084132","0.7007454739084132","0.708910188143415","0.708910188143415","0.708910188143415","0.6869009584664537","0.6869009584664537","0.6869009584664537","0.6819311324103656","0.6819311324103656","0.6819311324103656"
"3700","0.8647497337593184","0.8647497337593184","0.8647497337593184","0.8569400070997515","0.8569400070997515","0.8569400070997515","0.8491302804401846","0.8491302804401846","0.8491302804401846","0.8611998580049698","0.8611998580049698","0.8611998580049698","0.8615548455804047","0.8615548455804047","0.8615548455804047","0.7057152999645012","0.7057152999645012","0.7057152999645012","0.693645722399716","0.693645722399716","0.693645722399716","0.7124600638977636","0.7124600638977636","0.7124600638977636","0.6819311324103656","0.6819311324103656","0.6819311324103656","0.6861909833155839","0.6861909833155839","0.6861909833155839"
"3750","0.8686545970891019","0.8686545970891019","0.8686545970891019","0.8643947461838836","0.8643947461838836","0.8643947461838836","0.8484203052893149","0.8484203052893149","0.8484203052893149","0.8604898828541001","0.8604898828541001","0.8604898828541001","0.8477103301384451","0.8477103301384451","0.8477103301384451","0.7071352502662407","0.7071352502662407","0.7071352502662407","0.681221157259496","0.681221157259496","0.681221157259496","0.7035853745118921","0.7035853745118921","0.7035853745118921","0.6776712815051473","0.6776712815051473","0.6776712815051473","0.6876109336173234","0.6876109336173234","0.6876109336173234"
"3800","0.8711395101171459","0.8711395101171459","0.8711395101171459","0.8647497337593184","0.8647497337593184","0.8647497337593184","0.8501952431664892","0.8501952431664892","0.8501952431664892","0.8629747958821441","0.8629747958821441","0.8629747958821441","0.8537451189208378","0.8537451189208378","0.8537451189208378","0.7018104366347178","0.7018104366347178","0.7018104366347178","0.6940007099751508","0.6940007099751508","0.6940007099751508","0.7039403620873269","0.7039403620873269","0.7039403620873269","0.6879659211927582","0.6879659211927582","0.6879659211927582","0.6854810081647142","0.6854810081647142","0.6854810081647142"
"3850","0.8700745473908413","0.8700745473908413","0.8700745473908413","0.8633297834575789","0.8633297834575789","0.8633297834575789","0.853035143769968","0.853035143769968","0.853035143769968","0.8551650692225772","0.8551650692225772","0.8551650692225772","0.8576499822506213","0.8576499822506213","0.8576499822506213","0.7025204117855876","0.7025204117855876","0.7025204117855876","0.6815761448349308","0.6815761448349308","0.6815761448349308","0.7032303869364572","0.7032303869364572","0.7032303869364572","0.6879659211927582","0.6879659211927582","0.6879659211927582","0.6865459708910188","0.6865459708910188","0.6865459708910188"
"3900","0.8672346467873624","0.8672346467873624","0.8672346467873624","0.860844870429535","0.860844870429535","0.860844870429535","0.8484203052893149","0.8484203052893149","0.8484203052893149","0.8576499822506213","0.8576499822506213","0.8576499822506213","0.8672346467873624","0.8672346467873624","0.8672346467873624","0.706425275115371","0.706425275115371","0.706425275115371","0.6971955981540646","0.6971955981540646","0.6971955981540646","0.6982605608803691","0.6982605608803691","0.6982605608803691","0.6840610578629748","0.6840610578629748","0.6840610578629748","0.6773162939297125","0.6773162939297125","0.6773162939297125"
"3950","0.8729144479943202","0.8729144479943202","0.8729144479943202","0.8626198083067093","0.8626198083067093","0.8626198083067093","0.8604898828541001","0.8604898828541001","0.8604898828541001","0.8640397586084487","0.8640397586084487","0.8640397586084487","0.8636847710330139","0.8636847710330139","0.8636847710330139","0.7096201632942847","0.7096201632942847","0.7096201632942847","0.6947106851260206","0.6947106851260206","0.6947106851260206","0.7042953496627617","0.7042953496627617","0.7042953496627617","0.6833510827121051","0.6833510827121051","0.6833510827121051","0.6847710330138446","0.6847710330138446","0.6847710330138446"
"4000","0.8569400070997515","0.8569400070997515","0.8569400070997515","0.8629747958821441","0.8629747958821441","0.8629747958821441","0.8622648207312744","0.8622648207312744","0.8622648207312744","0.8643947461838836","0.8643947461838836","0.8643947461838836","0.8580049698260561","0.8580049698260561","0.8580049698260561","0.7071352502662407","0.7071352502662407","0.7071352502662407","0.6975505857294995","0.6975505857294995","0.6975505857294995","0.693645722399716","0.693645722399716","0.693645722399716","0.6837060702875399","0.6837060702875399","0.6837060702875399","0.6847710330138446","0.6847710330138446","0.6847710330138446"
"4050","0.8629747958821441","0.8629747958821441","0.8629747958821441","0.8654597089101882","0.8654597089101882","0.8654597089101882","0.8604898828541001","0.8604898828541001","0.8604898828541001","0.858359957401491","0.858359957401491","0.858359957401491","0.8587149449769258","0.8587149449769258","0.8587149449769258","0.7028753993610224","0.7028753993610224","0.7028753993610224","0.688675896343628","0.688675896343628","0.688675896343628","0.6940007099751508","0.6940007099751508","0.6940007099751508","0.6741214057507987","0.6741214057507987","0.6741214057507987","0.6737664181753639","0.6737664181753639","0.6737664181753639"
"4100","0.8675896343627973","0.8675896343627973","0.8675896343627973","0.8601348952786653","0.8601348952786653","0.8601348952786653","0.8544550940717075","0.8544550940717075","0.8544550940717075","0.8462903798367057","0.8462903798367057","0.8462903798367057","0.8590699325523606","0.8590699325523606","0.8590699325523606","0.7071352502662407","0.7071352502662407","0.7071352502662407","0.6908058217962372","0.6908058217962372","0.6908058217962372","0.6943556975505857","0.6943556975505857","0.6943556975505857","0.6876109336173234","0.6876109336173234","0.6876109336173234","0.6854810081647142","0.6854810081647142","0.6854810081647142"
"4150","0.870784522541711","0.870784522541711","0.870784522541711","0.8576499822506213","0.8576499822506213","0.8576499822506213","0.8562300319488818","0.8562300319488818","0.8562300319488818","0.8661696840610579","0.8661696840610579","0.8661696840610579","0.8604898828541001","0.8604898828541001","0.8604898828541001","0.7032303869364572","0.7032303869364572","0.7032303869364572","0.6943556975505857","0.6943556975505857","0.6943556975505857","0.6957756478523252","0.6957756478523252","0.6957756478523252","0.6908058217962372","0.6908058217962372","0.6908058217962372","0.6773162939297125","0.6773162939297125","0.6773162939297125"
"4200","0.8665246716364927","0.8665246716364927","0.8665246716364927","0.8590699325523606","0.8590699325523606","0.8590699325523606","0.8544550940717075","0.8544550940717075","0.8544550940717075","0.865814696485623","0.865814696485623","0.865814696485623","0.8604898828541001","0.8604898828541001","0.8604898828541001","0.7042953496627617","0.7042953496627617","0.7042953496627617","0.6982605608803691","0.6982605608803691","0.6982605608803691","0.6986155484558041","0.6986155484558041","0.6986155484558041","0.6869009584664537","0.6869009584664537","0.6869009584664537","0.6748313809016684","0.6748313809016684","0.6748313809016684"
"4250","0.8693645722399717","0.8693645722399717","0.8693645722399717","0.8562300319488818","0.8562300319488818","0.8562300319488818","0.8562300319488818","0.8562300319488818","0.8562300319488818","0.8643947461838836","0.8643947461838836","0.8643947461838836","0.865814696485623","0.865814696485623","0.865814696485623","0.708910188143415","0.708910188143415","0.708910188143415","0.6975505857294995","0.6975505857294995","0.6975505857294995","0.6982605608803691","0.6982605608803691","0.6982605608803691","0.691160809371672","0.691160809371672","0.691160809371672","0.6776712815051473","0.6776712815051473","0.6776712815051473"
"4300","0.8700745473908413","0.8700745473908413","0.8700745473908413","0.8686545970891019","0.8686545970891019","0.8686545970891019","0.8448704295349663","0.8448704295349663","0.8448704295349663","0.8516151934682286","0.8516151934682286","0.8516151934682286","0.868299609513667","0.868299609513667","0.868299609513667","0.7000354987575435","0.7000354987575435","0.7000354987575435","0.693645722399716","0.693645722399716","0.693645722399716","0.6918707845225417","0.6918707845225417","0.6918707845225417","0.6897408590699325","0.6897408590699325","0.6897408590699325","0.681221157259496","0.681221157259496","0.681221157259496"
"4350","0.8661696840610579","0.8661696840610579","0.8661696840610579","0.8693645722399717","0.8693645722399717","0.8693645722399717","0.8466453674121406","0.8466453674121406","0.8466453674121406","0.8604898828541001","0.8604898828541001","0.8604898828541001","0.8643947461838836","0.8643947461838836","0.8643947461838836","0.6975505857294995","0.6975505857294995","0.6975505857294995","0.6851260205892794","0.6851260205892794","0.6851260205892794","0.7011004614838481","0.7011004614838481","0.7011004614838481","0.6908058217962372","0.6908058217962372","0.6908058217962372","0.6822861199858005","0.6822861199858005","0.6822861199858005"
"4400","0.8722044728434505","0.8722044728434505","0.8722044728434505","0.8672346467873624","0.8672346467873624","0.8672346467873624","0.853035143769968","0.853035143769968","0.853035143769968","0.860844870429535","0.860844870429535","0.860844870429535","0.8611998580049698","0.8611998580049698","0.8611998580049698","0.6950656727014555","0.6950656727014555","0.6950656727014555","0.6890308839190629","0.6890308839190629","0.6890308839190629","0.6897408590699325","0.6897408590699325","0.6897408590699325","0.6872559460418886","0.6872559460418886","0.6872559460418886","0.6808661696840611","0.6808661696840611","0.6808661696840611"
"4450","0.8604898828541001","0.8604898828541001","0.8604898828541001","0.8672346467873624","0.8672346467873624","0.8672346467873624","0.8484203052893149","0.8484203052893149","0.8484203052893149","0.8668796592119276","0.8668796592119276","0.8668796592119276","0.8665246716364927","0.8665246716364927","0.8665246716364927","0.7011004614838481","0.7011004614838481","0.7011004614838481","0.6897408590699325","0.6897408590699325","0.6897408590699325","0.6964856230031949","0.6964856230031949","0.6964856230031949","0.6851260205892794","0.6851260205892794","0.6851260205892794","0.6869009584664537","0.6869009584664537","0.6869009584664537"
"4500","0.8672346467873624","0.8672346467873624","0.8672346467873624","0.8651047213347532","0.8651047213347532","0.8651047213347532","0.8526801561945332","0.8526801561945332","0.8526801561945332","0.8636847710330139","0.8636847710330139","0.8636847710330139","0.855520056798012","0.855520056798012","0.855520056798012","0.7025204117855876","0.7025204117855876","0.7025204117855876","0.6893858714944977","0.6893858714944977","0.6893858714944977","0.6954206602768903","0.6954206602768903","0.6954206602768903","0.691160809371672","0.691160809371672","0.691160809371672","0.6798012069577565","0.6798012069577565","0.6798012069577565"
"4550","0.8665246716364927","0.8665246716364927","0.8665246716364927","0.8572949946751863","0.8572949946751863","0.8572949946751863","0.8544550940717075","0.8544550940717075","0.8544550940717075","0.8654597089101882","0.8654597089101882","0.8654597089101882","0.8519701810436635","0.8519701810436635","0.8519701810436635","0.7000354987575435","0.7000354987575435","0.7000354987575435","0.6932907348242812","0.6932907348242812","0.6932907348242812","0.6975505857294995","0.6975505857294995","0.6975505857294995","0.6940007099751508","0.6940007099751508","0.6940007099751508","0.6837060702875399","0.6837060702875399","0.6837060702875399"
"4600","0.8693645722399717","0.8693645722399717","0.8693645722399717","0.8672346467873624","0.8672346467873624","0.8672346467873624","0.8494852680156194","0.8494852680156194","0.8494852680156194","0.8594249201277955","0.8594249201277955","0.8594249201277955","0.8626198083067093","0.8626198083067093","0.8626198083067093","0.7046503372381967","0.7046503372381967","0.7046503372381967","0.6979055733049343","0.6979055733049343","0.6979055733049343","0.6971955981540646","0.6971955981540646","0.6971955981540646","0.6929357472488463","0.6929357472488463","0.6929357472488463","0.681221157259496","0.681221157259496","0.681221157259496"
"4650","0.870784522541711","0.870784522541711","0.870784522541711","0.8750443734469293","0.8750443734469293","0.8750443734469293","0.8349307774227902","0.8349307774227902","0.8349307774227902","0.858359957401491","0.858359957401491","0.858359957401491","0.8651047213347532","0.8651047213347532","0.8651047213347532","0.7050053248136315","0.7050053248136315","0.7050053248136315","0.6957756478523252","0.6957756478523252","0.6957756478523252","0.7025204117855876","0.7025204117855876","0.7025204117855876","0.69613063542776","0.69613063542776","0.69613063542776","0.6861909833155839","0.6861909833155839","0.6861909833155839"
"4700","0.8718494852680156","0.8718494852680156","0.8718494852680156","0.8725594604188853","0.8725594604188853","0.8725594604188853","0.8491302804401846","0.8491302804401846","0.8491302804401846","0.8580049698260561","0.8580049698260561","0.8580049698260561","0.8668796592119276","0.8668796592119276","0.8668796592119276","0.7007454739084132","0.7007454739084132","0.7007454739084132","0.6900958466453674","0.6900958466453674","0.6900958466453674","0.7025204117855876","0.7025204117855876","0.7025204117855876","0.6872559460418886","0.6872559460418886","0.6872559460418886","0.6840610578629748","0.6840610578629748","0.6840610578629748"
"4750","0.8686545970891019","0.8686545970891019","0.8686545970891019","0.868299609513667","0.868299609513667","0.868299609513667","0.8587149449769258","0.8587149449769258","0.8587149449769258","0.8572949946751863","0.8572949946751863","0.8572949946751863","0.868299609513667","0.868299609513667","0.868299609513667","0.7071352502662407","0.7071352502662407","0.7071352502662407","0.6883209087681931","0.6883209087681931","0.6883209087681931","0.6943556975505857","0.6943556975505857","0.6943556975505857","0.6861909833155839","0.6861909833155839","0.6861909833155839","0.6858359957401491","0.6858359957401491","0.6858359957401491"
"4800","0.8704295349662762","0.8704295349662762","0.8704295349662762","0.8771742988995385","0.8771742988995385","0.8771742988995385","0.8580049698260561","0.8580049698260561","0.8580049698260561","0.8611998580049698","0.8611998580049698","0.8611998580049698","0.8626198083067093","0.8626198083067093","0.8626198083067093","0.6989705360312389","0.6989705360312389","0.6989705360312389","0.6918707845225417","0.6918707845225417","0.6918707845225417","0.7018104366347178","0.7018104366347178","0.7018104366347178","0.6869009584664537","0.6869009584664537","0.6869009584664537","0.6861909833155839","0.6861909833155839","0.6861909833155839"
"4850","0.8693645722399717","0.8693645722399717","0.8693645722399717","0.8697195598154065","0.8697195598154065","0.8697195598154065","0.8537451189208378","0.8537451189208378","0.8537451189208378","0.8640397586084487","0.8640397586084487","0.8640397586084487","0.8661696840610579","0.8661696840610579","0.8661696840610579","0.6925807596734115","0.6925807596734115","0.6925807596734115","0.6915157969471069","0.6915157969471069","0.6915157969471069","0.6954206602768903","0.6954206602768903","0.6954206602768903","0.6929357472488463","0.6929357472488463","0.6929357472488463","0.675896343627973","0.675896343627973","0.675896343627973"
"4900","0.8693645722399717","0.8693645722399717","0.8693645722399717","0.8739794107206248","0.8739794107206248","0.8739794107206248","0.8576499822506213","0.8576499822506213","0.8576499822506213","0.868299609513667","0.868299609513667","0.868299609513667","0.8516151934682286","0.8516151934682286","0.8516151934682286","0.7082002129925452","0.7082002129925452","0.7082002129925452","0.6947106851260206","0.6947106851260206","0.6947106851260206","0.7021654242101526","0.7021654242101526","0.7021654242101526","0.6897408590699325","0.6897408590699325","0.6897408590699325","0.6801561945331913","0.6801561945331913","0.6801561945331913"
"4950","0.8725594604188853","0.8725594604188853","0.8725594604188853","0.870784522541711","0.870784522541711","0.870784522541711","0.8576499822506213","0.8576499822506213","0.8576499822506213","0.8569400070997515","0.8569400070997515","0.8569400070997515","0.8580049698260561","0.8580049698260561","0.8580049698260561","0.7035853745118921","0.7035853745118921","0.7035853745118921","0.6964856230031949","0.6964856230031949","0.6964856230031949","0.6890308839190629","0.6890308839190629","0.6890308839190629","0.6897408590699325","0.6897408590699325","0.6897408590699325","0.6837060702875399","0.6837060702875399","0.6837060702875399"
"5000","0.8714944976925808","0.8714944976925808","0.8714944976925808","0.8753993610223643","0.8753993610223643","0.8753993610223643","0.8604898828541001","0.8604898828541001","0.8604898828541001","0.8622648207312744","0.8622648207312744","0.8622648207312744","0.8590699325523606","0.8590699325523606","0.8590699325523606","0.6954206602768903","0.6954206602768903","0.6954206602768903","0.6900958466453674","0.6900958466453674","0.6900958466453674","0.6947106851260206","0.6947106851260206","0.6947106851260206","0.6904508342208022","0.6904508342208022","0.6904508342208022","0.6858359957401491","0.6858359957401491","0.6858359957401491"
"5050","0.87362442314519","0.87362442314519","0.87362442314519","0.870784522541711","0.870784522541711","0.870784522541711","0.8640397586084487","0.8640397586084487","0.8640397586084487","0.8697195598154065","0.8697195598154065","0.8697195598154065","0.8661696840610579","0.8661696840610579","0.8661696840610579","","","","","","","","","","","","","","",""
"5100","0.8729144479943202","0.8729144479943202","0.8729144479943202","0.8743343982960596","0.8743343982960596","0.8743343982960596","0.8597799077032304","0.8597799077032304","0.8597799077032304","0.868299609513667","0.868299609513667","0.868299609513667","0.8576499822506213","0.8576499822506213","0.8576499822506213","","","","","","","","","","","","","","",""
"5150","0.8764643237486688","0.8764643237486688","0.8764643237486688","0.8672346467873624","0.8672346467873624","0.8672346467873624","0.858359957401491","0.858359957401491","0.858359957401491","0.8668796592119276","0.8668796592119276","0.8668796592119276","0.8509052183173589","0.8509052183173589","0.8509052183173589","","","","","","","","","","","","","","",""
"5200","0.8743343982960596","0.8743343982960596","0.8743343982960596","0.8750443734469293","0.8750443734469293","0.8750443734469293","0.8576499822506213","0.8576499822506213","0.8576499822506213","0.8739794107206248","0.8739794107206248","0.8739794107206248","0.8626198083067093","0.8626198083067093","0.8626198083067093","","","","","","","","","","","","","","",""
"5250","0.8704295349662762","0.8704295349662762","0.8704295349662762","0.8722044728434505","0.8722044728434505","0.8722044728434505","0.8587149449769258","0.8587149449769258","0.8587149449769258","0.87362442314519","0.87362442314519","0.87362442314519","0.8590699325523606","0.8590699325523606","0.8590699325523606","","","","","","","","","","","","","","",""
"5300","0.8718494852680156","0.8718494852680156","0.8718494852680156","0.8615548455804047","0.8615548455804047","0.8615548455804047","0.8611998580049698","0.8611998580049698","0.8611998580049698","0.8771742988995385","0.8771742988995385","0.8771742988995385","0.8668796592119276","0.8668796592119276","0.8668796592119276","","","","","","","","","","","","","","",""
"5350","0.8686545970891019","0.8686545970891019","0.8686545970891019","0.8697195598154065","0.8697195598154065","0.8697195598154065","0.8661696840610579","0.8661696840610579","0.8661696840610579","0.8686545970891019","0.8686545970891019","0.8686545970891019","0.8668796592119276","0.8668796592119276","0.8668796592119276","","","","","","","","","","","","","","",""
"5400","0.8651047213347532","0.8651047213347532","0.8651047213347532","0.8725594604188853","0.8725594604188853","0.8725594604188853","0.8675896343627973","0.8675896343627973","0.8675896343627973","0.873269435569755","0.873269435569755","0.873269435569755","0.8686545970891019","0.8686545970891019","0.8686545970891019","","","","","","","","","","","","","","",""
"5450","0.8668796592119276","0.8668796592119276","0.8668796592119276","0.8679446219382322","0.8679446219382322","0.8679446219382322","0.8597799077032304","0.8597799077032304","0.8597799077032304","0.8739794107206248","0.8739794107206248","0.8739794107206248","0.868299609513667","0.868299609513667","0.868299609513667","","","","","","","","","","","","","","",""
"5500","0.870784522541711","0.870784522541711","0.870784522541711","0.865814696485623","0.865814696485623","0.865814696485623","0.8516151934682286","0.8516151934682286","0.8516151934682286","0.8611998580049698","0.8611998580049698","0.8611998580049698","0.8675896343627973","0.8675896343627973","0.8675896343627973","","","","","","","","","","","","","","",""
"5550","0.8739794107206248","0.8739794107206248","0.8739794107206248","0.8675896343627973","0.8675896343627973","0.8675896343627973","0.8601348952786653","0.8601348952786653","0.8601348952786653","0.8739794107206248","0.8739794107206248","0.8739794107206248","0.8668796592119276","0.8668796592119276","0.8668796592119276","","","","","","","","","","","","","","",""
"5600","0.8718494852680156","0.8718494852680156","0.8718494852680156","0.8601348952786653","0.8601348952786653","0.8601348952786653","0.8551650692225772","0.8551650692225772","0.8551650692225772","0.8704295349662762","0.8704295349662762","0.8704295349662762","0.868299609513667","0.868299609513667","0.868299609513667","","","","","","","","","","","","","","",""
"5650","0.8718494852680156","0.8718494852680156","0.8718494852680156","0.8665246716364927","0.8665246716364927","0.8665246716364927","0.8665246716364927","0.8665246716364927","0.8665246716364927","0.8739794107206248","0.8739794107206248","0.8739794107206248","0.8665246716364927","0.8665246716364927","0.8665246716364927","","","","","","","","","","","","","","",""
"5700","0.8722044728434505","0.8722044728434505","0.8722044728434505","0.8640397586084487","0.8640397586084487","0.8640397586084487","0.8661696840610579","0.8661696840610579","0.8661696840610579","0.8761093361732339","0.8761093361732339","0.8761093361732339","0.8626198083067093","0.8626198083067093","0.8626198083067093","","","","","","","","","","","","","","",""
"5750","0.8750443734469293","0.8750443734469293","0.8750443734469293","0.8651047213347532","0.8651047213347532","0.8651047213347532","0.8643947461838836","0.8643947461838836","0.8643947461838836","0.8718494852680156","0.8718494852680156","0.8718494852680156","0.8700745473908413","0.8700745473908413","0.8700745473908413","","","","","","","","","","","","","","",""
"5800","0.8743343982960596","0.8743343982960596","0.8743343982960596","0.8679446219382322","0.8679446219382322","0.8679446219382322","0.8668796592119276","0.8668796592119276","0.8668796592119276","0.8757543485977991","0.8757543485977991","0.8757543485977991","0.8640397586084487","0.8640397586084487","0.8640397586084487","","","","","","","","","","","","","","",""
"5850","0.873269435569755","0.873269435569755","0.873269435569755","0.8672346467873624","0.8672346467873624","0.8672346467873624","0.8668796592119276","0.8668796592119276","0.8668796592119276","0.8778842740504083","0.8778842740504083","0.8778842740504083","0.8672346467873624","0.8672346467873624","0.8672346467873624","","","","","","","","","","","","","","",""
"5900","0.8750443734469293","0.8750443734469293","0.8750443734469293","0.8636847710330139","0.8636847710330139","0.8636847710330139","0.8672346467873624","0.8672346467873624","0.8672346467873624","0.8807241746538871","0.8807241746538871","0.8807241746538871","0.8693645722399717","0.8693645722399717","0.8693645722399717","","","","","","","","","","","","","","",""
"5950","0.8725594604188853","0.8725594604188853","0.8725594604188853","0.8633297834575789","0.8633297834575789","0.8633297834575789","0.8679446219382322","0.8679446219382322","0.8679446219382322","0.8757543485977991","0.8757543485977991","0.8757543485977991","0.865814696485623","0.865814696485623","0.865814696485623","","","","","","","","","","","","","","",""
"6000","0.873269435569755","0.873269435569755","0.873269435569755","0.8668796592119276","0.8668796592119276","0.8668796592119276","0.8640397586084487","0.8640397586084487","0.8640397586084487","0.873269435569755","0.873269435569755","0.873269435569755","0.8675896343627973","0.8675896343627973","0.8675896343627973","","","","","","","","","","","","","","",""
"6050","0.8746893858714945","0.8746893858714945","0.8746893858714945","0.8697195598154065","0.8697195598154065","0.8697195598154065","0.8615548455804047","0.8615548455804047","0.8615548455804047","0.8785942492012779","0.8785942492012779","0.8785942492012779","0.8580049698260561","0.8580049698260561","0.8580049698260561","","","","","","","","","","","","","","",""
"6100","0.8725594604188853","0.8725594604188853","0.8725594604188853","0.8668796592119276","0.8668796592119276","0.8668796592119276","0.8580049698260561","0.8580049698260561","0.8580049698260561","0.8764643237486688","0.8764643237486688","0.8764643237486688","0.8611998580049698","0.8611998580049698","0.8611998580049698","","","","","","","","","","","","","","",""
"6150","0.8700745473908413","0.8700745473908413","0.8700745473908413","0.858359957401491","0.858359957401491","0.858359957401491","0.8597799077032304","0.8597799077032304","0.8597799077032304","0.8700745473908413","0.8700745473908413","0.8700745473908413","0.8654597089101882","0.8654597089101882","0.8654597089101882","","","","","","","","","","","","","","",""
"6200","0.8700745473908413","0.8700745473908413","0.8700745473908413","0.8640397586084487","0.8640397586084487","0.8640397586084487","0.865814696485623","0.865814696485623","0.865814696485623","0.8686545970891019","0.8686545970891019","0.8686545970891019","0.8633297834575789","0.8633297834575789","0.8633297834575789","","","","","","","","","","","","","","",""
"6250","0.8739794107206248","0.8739794107206248","0.8739794107206248","0.8668796592119276","0.8668796592119276","0.8668796592119276","0.8629747958821441","0.8629747958821441","0.8629747958821441","0.8679446219382322","0.8679446219382322","0.8679446219382322","0.8562300319488818","0.8562300319488818","0.8562300319488818","","","","","","","","","","","","","","",""
"6300","0.8729144479943202","0.8729144479943202","0.8729144479943202","0.8704295349662762","0.8704295349662762","0.8704295349662762","0.8697195598154065","0.8697195598154065","0.8697195598154065","0.8697195598154065","0.8697195598154065","0.8697195598154065","0.8746893858714945","0.8746893858714945","0.8746893858714945","","","","","","","","","","","","","","",""
"6350","0.870784522541711","0.870784522541711","0.870784522541711","0.868299609513667","0.868299609513667","0.868299609513667","0.868299609513667","0.868299609513667","0.868299609513667","0.8722044728434505","0.8722044728434505","0.8722044728434505","0.8622648207312744","0.8622648207312744","0.8622648207312744","","","","","","","","","","","","","","",""
"6400","0.8704295349662762","0.8704295349662762","0.8704295349662762","0.873269435569755","0.873269435569755","0.873269435569755","0.8704295349662762","0.8704295349662762","0.8704295349662762","0.8711395101171459","0.8711395101171459","0.8711395101171459","0.858359957401491","0.858359957401491","0.858359957401491","","","","","","","","","","","","","","",""
"6450","0.8718494852680156","0.8718494852680156","0.8718494852680156","0.8626198083067093","0.8626198083067093","0.8626198083067093","0.8697195598154065","0.8697195598154065","0.8697195598154065","0.8711395101171459","0.8711395101171459","0.8711395101171459","0.8697195598154065","0.8697195598154065","0.8697195598154065","","","","","","","","","","","","","","",""
"6500","0.8711395101171459","0.8711395101171459","0.8711395101171459","0.8729144479943202","0.8729144479943202","0.8729144479943202","0.860844870429535","0.860844870429535","0.860844870429535","0.868299609513667","0.868299609513667","0.868299609513667","0.870784522541711","0.870784522541711","0.870784522541711","","","","","","","","","","","","","","",""
"6550","0.870784522541711","0.870784522541711","0.870784522541711","0.8750443734469293","0.8750443734469293","0.8750443734469293","0.8711395101171459","0.8711395101171459","0.8711395101171459","0.8750443734469293","0.8750443734469293","0.8750443734469293","0.8693645722399717","0.8693645722399717","0.8693645722399717","","","","","","","","","","","","","","",""
"6600","0.8739794107206248","0.8739794107206248","0.8739794107206248","0.8764643237486688","0.8764643237486688","0.8764643237486688","0.8640397586084487","0.8640397586084487","0.8640397586084487","0.873269435569755","0.873269435569755","0.873269435569755","0.8693645722399717","0.8693645722399717","0.8693645722399717","","","","","","","","","","","","","","",""
"6650","0.87362442314519","0.87362442314519","0.87362442314519","0.8722044728434505","0.8722044728434505","0.8722044728434505","0.8690095846645367","0.8690095846645367","0.8690095846645367","0.8725594604188853","0.8725594604188853","0.8725594604188853","0.8704295349662762","0.8704295349662762","0.8704295349662762","","","","","","","","","","","","","","",""
"6700","0.8771742988995385","0.8771742988995385","0.8771742988995385","0.87362442314519","0.87362442314519","0.87362442314519","0.8675896343627973","0.8675896343627973","0.8675896343627973","0.8757543485977991","0.8757543485977991","0.8757543485977991","0.8711395101171459","0.8711395101171459","0.8711395101171459","","","","","","","","","","","","","","",""
"6750","0.8693645722399717","0.8693645722399717","0.8693645722399717","0.8743343982960596","0.8743343982960596","0.8743343982960596","0.8647497337593184","0.8647497337593184","0.8647497337593184","0.873269435569755","0.873269435569755","0.873269435569755","0.87362442314519","0.87362442314519","0.87362442314519","","","","","","","","","","","","","","",""
"6800","0.8690095846645367","0.8690095846645367","0.8690095846645367","0.8739794107206248","0.8739794107206248","0.8739794107206248","0.8661696840610579","0.8661696840610579","0.8661696840610579","0.8764643237486688","0.8764643237486688","0.8764643237486688","0.8739794107206248","0.8739794107206248","0.8739794107206248","","","","","","","","","","","","","","",""
"6850","0.8704295349662762","0.8704295349662762","0.8704295349662762","0.8746893858714945","0.8746893858714945","0.8746893858714945","0.8675896343627973","0.8675896343627973","0.8675896343627973","0.8757543485977991","0.8757543485977991","0.8757543485977991","0.873269435569755","0.873269435569755","0.873269435569755","","","","","","","","","","","","","","",""
"6900","0.870784522541711","0.870784522541711","0.870784522541711","0.8764643237486688","0.8764643237486688","0.8764643237486688","0.8661696840610579","0.8661696840610579","0.8661696840610579","0.8789492367767128","0.8789492367767128","0.8789492367767128","0.8739794107206248","0.8739794107206248","0.8739794107206248","","","","","","","","","","","","","","",""
"6950","0.8722044728434505","0.8722044728434505","0.8722044728434505","0.8782392616258431","0.8782392616258431","0.8782392616258431","0.8629747958821441","0.8629747958821441","0.8629747958821441","0.8771742988995385","0.8771742988995385","0.8771742988995385","0.8729144479943202","0.8729144479943202","0.8729144479943202","","","","","","","","","","","","","","",""
"7000","0.87362442314519","0.87362442314519","0.87362442314519","0.8782392616258431","0.8782392616258431","0.8782392616258431","0.8601348952786653","0.8601348952786653","0.8601348952786653","0.8785942492012779","0.8785942492012779","0.8785942492012779","0.873269435569755","0.873269435569755","0.873269435569755","","","","","","","","","","","","","","",""
"7050","0.8750443734469293","0.8750443734469293","0.8750443734469293","0.8796592119275826","0.8796592119275826","0.8796592119275826","0.8633297834575789","0.8633297834575789","0.8633297834575789","0.8743343982960596","0.8743343982960596","0.8743343982960596","0.8626198083067093","0.8626198083067093","0.8626198083067093","","","","","","","","","","","","","","",""
"7100","0.8743343982960596","0.8743343982960596","0.8743343982960596","0.8796592119275826","0.8796592119275826","0.8796592119275826","0.8654597089101882","0.8654597089101882","0.8654597089101882","0.8746893858714945","0.8746893858714945","0.8746893858714945","0.8714944976925808","0.8714944976925808","0.8714944976925808","","","","","","","","","","","","","","",""
"7150","0.8775292864749734","0.8775292864749734","0.8775292864749734","0.8750443734469293","0.8750443734469293","0.8750443734469293","0.8643947461838836","0.8643947461838836","0.8643947461838836","0.8768193113241036","0.8768193113241036","0.8768193113241036","0.8711395101171459","0.8711395101171459","0.8711395101171459","","","","","","","","","","","","","","",""
"7200","0.8757543485977991","0.8757543485977991","0.8757543485977991","0.8746893858714945","0.8746893858714945","0.8746893858714945","0.8661696840610579","0.8661696840610579","0.8661696840610579","0.8768193113241036","0.8768193113241036","0.8768193113241036","0.8768193113241036","0.8768193113241036","0.8768193113241036","","","","","","","","","","","","","","",""
"7250","0.8750443734469293","0.8750443734469293","0.8750443734469293","0.87362442314519","0.87362442314519","0.87362442314519","0.8640397586084487","0.8640397586084487","0.8640397586084487","0.8775292864749734","0.8775292864749734","0.8775292864749734","0.8722044728434505","0.8722044728434505","0.8722044728434505","","","","","","","","","","","","","","",""
"7300","0.87362442314519","0.87362442314519","0.87362442314519","0.8810791622293219","0.8810791622293219","0.8810791622293219","0.8654597089101882","0.8654597089101882","0.8654597089101882","0.8800141995030174","0.8800141995030174","0.8800141995030174","0.8743343982960596","0.8743343982960596","0.8743343982960596","","","","","","","","","","","","","","",""
"7350","0.8746893858714945","0.8746893858714945","0.8746893858714945","0.8778842740504083","0.8778842740504083","0.8778842740504083","0.8686545970891019","0.8686545970891019","0.8686545970891019","0.8746893858714945","0.8746893858714945","0.8746893858714945","0.873269435569755","0.873269435569755","0.873269435569755","","","","","","","","","","","","","","",""
"7400","0.8768193113241036","0.8768193113241036","0.8768193113241036","0.8775292864749734","0.8775292864749734","0.8775292864749734","0.8665246716364927","0.8665246716364927","0.8665246716364927","0.8764643237486688","0.8764643237486688","0.8764643237486688","0.8768193113241036","0.8768193113241036","0.8768193113241036","","","","","","","","","","","","","","",""
"7450","0.8743343982960596","0.8743343982960596","0.8743343982960596","0.8810791622293219","0.8810791622293219","0.8810791622293219","0.8700745473908413","0.8700745473908413","0.8700745473908413","0.8757543485977991","0.8757543485977991","0.8757543485977991","0.8771742988995385","0.8771742988995385","0.8771742988995385","","","","","","","","","","","","","","",""
"7500","0.8768193113241036","0.8768193113241036","0.8768193113241036","0.8803691870784522","0.8803691870784522","0.8803691870784522","0.8700745473908413","0.8700745473908413","0.8700745473908413","0.8761093361732339","0.8761093361732339","0.8761093361732339","0.8768193113241036","0.8768193113241036","0.8768193113241036","","","","","","","","","","","","","","",""