"Step","count3_medium_decoder_0 - token_accuracy","count3_medium_decoder_0 - token_accuracy__MIN","count3_medium_decoder_0 - token_accuracy__MAX"
"100","0.056129558384418486","0.056129558384418486","0.056129558384418486"
"200","0.05691731870174408","0.05691731870174408","0.05691731870174408"
"300","0.058274740874767306","0.058274740874767306","0.058274740874767306"
"400","0.05778971508145332","0.05778971508145332","0.05778971508145332"
"500","0.058564454317092896","0.058564454317092896","0.058564454317092896"
"600","0.05861328259110451","0.05861328259110451","0.05861328259110451"
"700","0.05990885585546493","0.05990885585546493","0.05990885585546493"
"800","0.05832356870174408","0.05832356870174408","0.05832356870174408"
"900","0.061406252086162565","0.061406252086162565","0.061406252086162565"
"1000","0.06040690198540687","0.06040690198540687","0.06040690198540687"
"1100","0.06134114757180214","0.06134114757180214","0.06134114757180214"
"1200","0.061458334624767304","0.061458334624767304","0.061458334624767304"
"1300","0.06255534052848816","0.06255534052848816","0.06255534052848816"
"1400","0.06153646022081375","0.06153646022081375","0.06153646022081375"
"1500","0.06200520992279053","0.06200520992279053","0.06200520992279053"
"1600","0.06345052272081375","0.06345052272081375","0.06345052272081375"
"1700","0.06421875268220902","0.06421875268220902","0.06421875268220902"
"1800","0.063717450350523","0.063717450350523","0.063717450350523"
"1900","0.06378255411982536","0.06378255411982536","0.06378255411982536"
"2000","0.06404622599482536","0.06404622599482536","0.06404622599482536"
"2100","0.06443034037947655","0.06443034037947655","0.06443034037947655"
"2200","0.06551432594656945","0.06551432594656945","0.06551432594656945"
"2300","0.06527995064854622","0.06527995064854622","0.06527995064854622"
"2400","0.06465820595622063","0.06465820595622063","0.06465820595622063"
"2500","0.06633138298988342","0.06633138298988342","0.06633138298988342"
"2600","0.06697265818715095","0.06697265818715095","0.06697265818715095"
"2700","0.06590169459581376","0.06590169459581376","0.06590169459581376"
"2800","0.06755859643220902","0.06755859643220902","0.06755859643220902"
"2900","0.06739909142255783","0.06739909142255783","0.06739909142255783"
"3000","0.06761067897081376","0.06761067897081376","0.06761067897081376"
"3100","0.06738932520151138","0.06738932520151138","0.06738932520151138"
"3200","0.06602213829755783","0.06602213829755783","0.06602213829755783"
"3300","0.0688932317495346","0.0688932317495346","0.0688932317495346"
"3400","0.06839518517255783","0.06839518517255783","0.06839518517255783"
"3500","0.06881185084581375","0.06881185084581375","0.06881185084581375"
"3600","0.0694173201918602","0.0694173201918602","0.0694173201918602"
"3700","0.06862630426883698","0.06862630426883698","0.06862630426883698"
"3800","0.06972656518220902","0.06972656518220902","0.06972656518220902"
"3900","0.0701237004995346","0.0701237004995346","0.0701237004995346"
"4000","0.06946940392255783","0.06946940392255783","0.06946940392255783"
"4100","0.0700944036245346","0.0700944036245346","0.0700944036245346"
"4200","0.06892903864383698","0.06892903864383698","0.06892903864383698"
"4300","0.07123372614383698","0.07123372614383698","0.07123372614383698"
"4400","0.07035156458616257","0.07035156458616257","0.07035156458616257"
"4500","0.07065104454755783","0.07065104454755783","0.07065104454755783"
"4600","0.07083659082651138","0.07083659082651138","0.07083659082651138"
"4700","0.0717317733168602","0.0717317733168602","0.0717317733168602"
"4800","0.07231120020151138","0.07231120020151138","0.07231120020151138"
"4900","0.07200521051883697","0.07200521051883697","0.07200521051883697"
"5000","0.07283528864383698","0.07283528864383698","0.07283528864383698"
"5100","0.07189778923988342","0.07189778923988342","0.07189778923988342"
"5200","0.07276041865348816","0.07276041865348816","0.07276041865348816"
"5300","0.07264974176883697","0.07264974176883697","0.07264974176883697"
"5400","0.07318034082651138","0.07318034082651138","0.07318034082651138"
"5500","0.07353190392255783","0.07353190392255783","0.07353190392255783"
"5600","0.07282552272081375","0.07282552272081375","0.07282552272081375"
"5700","0.07366211146116257","0.07366211146116257","0.07366211146116257"
"5800","0.07383138298988343","0.07383138298988343","0.07383138298988343"
"5900","0.07349284112453461","0.07349284112453461","0.07349284112453461"
"6000","0.07417968988418579","0.07417968988418579","0.07417968988418579"
"6100","0.0740755233168602","0.0740755233168602","0.0740755233168602"
"6200","0.07431315392255783","0.07431315392255783","0.07431315392255783"
"6300","0.07505534082651139","0.07505534082651139","0.07505534082651139"
"6400","0.07423828393220902","0.07423828393220902","0.07423828393220902"
"6500","0.07431315332651138","0.07431315332651138","0.07431315332651138"
"6600","0.07444336205720901","0.07444336205720901","0.07444336205720901"
"6700","0.07534505456686019","0.07534505456686019","0.07534505456686019"
"6800","0.07523763358592987","0.07523763358592987","0.07523763358592987"
"6900","0.07575521051883698","0.07575521051883698","0.07575521051883698"
"7000","0.07549479395151139","0.07549479395151139","0.07549479395151139"
"7100","0.0759863305091858","0.0759863305091858","0.0759863305091858"
"7200","0.0751627629995346","0.0751627629995346","0.0751627629995346"
"7300","0.0763118514418602","0.0763118514418602","0.0763118514418602"
"7400","0.07631836265325546","0.07631836265325546","0.07631836265325546"
"7500","0.07649088770151138","0.07649088770151138","0.07649088770151138"
"7600","0.07546875208616256","0.07546875208616256","0.07546875208616256"
"7700","0.07670898675918579","0.07670898675918579","0.07670898675918579"
"7800","0.07618164330720902","0.07618164330720902","0.07618164330720902"
"7900","0.07621419459581374","0.07621419459581374","0.07621419459581374"
"8000","0.07807942897081376","0.07807942897081376","0.07807942897081376"
"8100","0.07704752832651138","0.07704752832651138","0.07704752832651138"
"8200","0.07761718958616257","0.07761718958616257","0.07761718958616257"
"8300","0.07777995049953461","0.07777995049953461","0.07777995049953461"
"8400","0.07782226830720901","0.07782226830720901","0.07782226830720901"
"8500","0.07886719018220902","0.07886719018220902","0.07886719018220902"
"8600","0.07905599117279052","0.07905599117279052","0.07905599117279052"
"8700","0.07764648646116257","0.07764648646116257","0.07764648646116257"
"8800","0.07847331047058105","0.07847331047058105","0.07847331047058105"
"8900","0.07822265893220902","0.07822265893220902","0.07822265893220902"
"9000","0.07862304925918578","0.07862304925918578","0.07862304925918578"
"9100","0.07956705927848816","0.07956705927848816","0.07956705927848816"
"9200","0.08011067897081375","0.08011067897081375","0.08011067897081375"
"9300","0.07899088740348816","0.07899088740348816","0.07899088740348816"
"9400","0.08024414330720901","0.08024414330720901","0.08024414330720901"
"9500","0.0798470076918602","0.0798470076918602","0.0798470076918602"
"9600","0.07999349236488343","0.07999349236488343","0.07999349236488343"
"9700","0.08043620049953461","0.08043620049953461","0.08043620049953461"
"9800","0.08047526270151138","0.08047526270151138","0.08047526270151138"
"9900","0.08042968928813934","0.08042968928813934","0.08042968928813934"
"10000","0.07949218988418578","0.07949218988418578","0.07949218988418578"
"10100","0.08067057490348815","0.08067057490348815","0.08067057490348815"
"10200","0.0807031273841858","0.0807031273841858","0.0807031273841858"
"10300","0.08070638328790665","0.08070638328790665","0.08070638328790665"
"10400","0.08075521051883698","0.08075521051883698","0.08075521051883698"
"10500","0.08166341423988342","0.08166341423988342","0.08166341423988342"
"10600","0.08183919578790665","0.08183919578790665","0.08183919578790665"
"10700","0.08060872614383698","0.08060872614383698","0.08060872614383698"
"10800","0.08136393487453461","0.08136393487453461","0.08136393487453461"
"10900","0.08155924677848816","0.08155924677848816","0.08155924677848816"
"11000","0.08215495020151138","0.08215495020151138","0.08215495020151138"
"11100","0.08238932579755782","0.08238932579755782","0.08238932579755782"
"11200","0.0823567733168602","0.0823567733168602","0.0823567733168602"
"11300","0.08313802272081375","0.08313802272081375","0.08313802272081375"
"11400","0.08271484643220901","0.08271484643220901","0.08271484643220901"
"11500","0.08310547143220902","0.08310547143220902","0.08310547143220902"
"11600","0.0827604192495346","0.0827604192495346","0.0827604192495346"
"11700","0.08416992455720901","0.08416992455720901","0.08416992455720901"
"11800","0.08433268427848815","0.08433268427848815","0.08433268427848815"
"11900","0.0830696639418602","0.0830696639418602","0.0830696639418602"
"12000","0.08380534082651138","0.08380534082651138","0.08380534082651138"
"12100","0.08273437798023224","0.08273437798023224","0.08273437798023224"
"12200","0.08519531458616257","0.08519531458616257","0.08519531458616257"
"12300","0.0861783879995346","0.0861783879995346","0.0861783879995346"
"12400","0.08574218988418579","0.08574218988418579","0.08574218988418579"
"12500","0.08448242396116257","0.08448242396116257","0.08448242396116257"
"12600","0.0842089867591858","0.0842089867591858","0.0842089867591858"
"12700","0.0850162786245346","0.0850162786245346","0.0850162786245346"
"12800","0.08537760645151138","0.08537760645151138","0.08537760645151138"
"12900","0.08532226830720901","0.08532226830720901","0.08532226830720901"
"13000","0.08540039360523224","0.08540039360523224","0.08540039360523224"
"13100","0.08601562738418579","0.08601562738418579","0.08601562738418579"
"13200","0.08487955927848816","0.08487955927848816","0.08487955927848816"
"13300","0.08588216364383698","0.08588216364383698","0.08588216364383698"
"13400","0.08582031577825547","0.08582031577825547","0.08582031577825547"
"13500","0.08634765833616256","0.08634765833616256","0.08634765833616256"
"13600","0.08666341423988343","0.08666341423988343","0.08666341423988343"
"13700","0.08663411736488343","0.08663411736488343","0.08663411736488343"
"13800","0.08701497584581375","0.08701497584581375","0.08701497584581375"
"13900","0.08852213770151138","0.08852213770151138","0.08852213770151138"
"14000","0.08703125268220901","0.08703125268220901","0.08703125268220901"
"14100","0.0873860701918602","0.0873860701918602","0.0873860701918602"
"14200","0.08872721523046494","0.08872721523046494","0.08872721523046494"
"14300","0.08870768517255784","0.08870768517255784","0.08870768517255784"
"14400","0.08834961205720901","0.08834961205720901","0.08834961205720901"
"14500","0.08934245079755783","0.08934245079755783","0.08934245079755783"
"14600","0.08889323115348816","0.08889323115348816","0.08889323115348816"
"14700","0.09067057490348816","0.09067057490348816","0.09067057490348816"
"14800","0.08959310114383698","0.08959310114383698","0.08959310114383698"
"14900","0.0890787786245346","0.0890787786245346","0.0890787786245346"
"15000","0.0900716170668602","0.0900716170668602","0.0900716170668602"
"15100","0.09043945550918579","0.09043945550918579","0.09043945550918579"
"15200","0.08985351830720902","0.08985351830720902","0.08985351830720902"
"15300","0.09239909142255782","0.09239909142255782","0.09239909142255782"
"15400","0.09171875178813935","0.09171875178813935","0.09171875178813935"
"15500","0.09106120020151139","0.09106120020151139","0.09106120020151139"
"15600","0.09211263328790664","0.09211263328790664","0.09211263328790664"
"15700","0.09172200739383697","0.09172200739383697","0.09172200739383697"
"15800","0.09141927301883697","0.09141927301883697","0.09141927301883697"
"15900","0.09238281548023224","0.09238281548023224","0.09238281548023224"
"16000","0.0916113305091858","0.0916113305091858","0.0916113305091858"
"16100","0.09053060203790665","0.09053060203790665","0.09053060203790665"
"16200","0.09208659172058105","0.09208659172058105","0.09208659172058105"
"16300","0.0917936223745346","0.0917936223745346","0.0917936223745346"
"16400","0.09303711175918579","0.09303711175918579","0.09303711175918579"
"16500","0.09338216364383697","0.09338216364383697","0.09338216364383697"
"16600","0.09302083492279052","0.09302083492279052","0.09302083492279052"
"16700","0.09380859732627869","0.09380859732627869","0.09380859732627869"
"16800","0.09367187708616256","0.09367187708616256","0.09367187708616256"
"16900","0.09435547083616257","0.09435547083616257","0.09435547083616257"
"17000","0.09336914300918579","0.09336914300918579","0.09336914300918579"
"17100","0.09489909082651138","0.09489909082651138","0.09489909082651138"
"17200","0.09393880426883698","0.09393880426883698","0.09393880426883698"
"17300","0.09477539271116257","0.09477539271116257","0.09477539271116257"
"17400","0.09407226860523224","0.09407226860523224","0.09407226860523224"
"17500","0.09414713770151138","0.09414713770151138","0.09414713770151138"
"17600","0.09377604365348816","0.09377604365348816","0.09377604365348816"
"17700","0.09420898705720901","0.09420898705720901","0.09420898705720901"
"17800","0.09626627832651138","0.09626627832651138","0.09626627832651138"
"17900","0.09413737237453461","0.09413737237453461","0.09413737237453461"
"18000","0.0939420598745346","0.0939420598745346","0.0939420598745346"
"18100","0.0951497420668602","0.0951497420668602","0.0951497420668602"
"18200","0.09667317926883698","0.09667317926883698","0.09667317926883698"
"18300","0.09530924677848816","0.09530924677848816","0.09530924677848816"
"18400","0.09658854424953461","0.09658854424953461","0.09658854424953461"
"18500","0.09668620020151138","0.09668620020151138","0.09668620020151138"
"18600","0.09726237237453461","0.09726237237453461","0.09726237237453461"
"18700","0.09563151240348816","0.09563151240348816","0.09563151240348816"
"18800","0.09746093988418579","0.09746093988418579","0.09746093988418579"
"18900","0.0971907576918602","0.0971907576918602","0.0971907576918602"
"19000","0.09801758080720901","0.09801758080720901","0.09801758080720901"
"19100","0.09927409112453461","0.09927409112453461","0.09927409112453461"
"19200","0.09855469018220901","0.09855469018220901","0.09855469018220901"
"19300","0.09700521051883698","0.09700521051883698","0.09700521051883698"
"19400","0.09859700679779053","0.09859700679779053","0.09859700679779053"
"19500","0.0999544295668602","0.0999544295668602","0.0999544295668602"
"19600","0.09737304985523224","0.09737304985523224","0.09737304985523224"
"19700","0.10121094018220901","0.10121094018220901","0.10121094018220901"
"19800","0.09940429955720902","0.09940429955720902","0.09940429955720902"
"19900","0.10052734643220901","0.10052734643220901","0.10052734643220901"
"20000","0.10059570580720902","0.10059570580720902","0.10059570580720902"
"20100","0.1008105492591858","0.1008105492591858","0.1008105492591858"
"20200","0.10028320491313934","0.10028320491313934","0.10028320491313934"
"20300","0.10268554985523223","0.10268554985523223","0.10268554985523223"
"20400","0.10022461175918579","0.10022461175918579","0.10022461175918579"
"20500","0.10139323115348815","0.10139323115348815","0.10139323115348815"
"20600","0.10184570580720902","0.10184570580720902","0.10184570580720902"
"20700","0.10232096582651139","0.10232096582651139","0.10232096582651139"
"20800","0.1021712264418602","0.1021712264418602","0.1021712264418602"
"20900","0.10121744990348816","0.10121744990348816","0.10121744990348816"
"21000","0.10214518487453461","0.10214518487453461","0.10214518487453461"
"21100","0.1020800805091858","0.1020800805091858","0.1020800805091858"
"21200","0.1041699242591858","0.1041699242591858","0.1041699242591858"
"21300","0.10331054955720902","0.10331054955720902","0.10331054955720902"
"21400","0.10240560114383697","0.10240560114383697","0.10240560114383697"
"21500","0.1035612004995346","0.1035612004995346","0.1035612004995346"
"21600","0.10385742485523224","0.10385742485523224","0.10385742485523224"
"21700","0.10405924707651139","0.10405924707651139","0.10405924707651139"
"21800","0.1047493514418602","0.1047493514418602","0.1047493514418602"
"21900","0.10461588829755783","0.10461588829755783","0.10461588829755783"
"22000","0.10404297143220902","0.10404297143220902","0.10404297143220902"
"22100","0.10586263209581376","0.10586263209581376","0.10586263209581376"
"22200","0.10502929925918579","0.10502929925918579","0.10502929925918579"
"22300","0.10605143398046493","0.10605143398046493","0.10605143398046493"
"22400","0.1069856795668602","0.1069856795668602","0.1069856795668602"
"22500","0.10675455987453461","0.10675455987453461","0.10675455987453461"
"22600","0.10778646051883697","0.10778646051883697","0.10778646051883697"
"22700","0.10731445521116256","0.10731445521116256","0.10731445521116256"
"22800","0.10705729454755783","0.10705729454755783","0.10705729454755783"
"22900","0.10807291895151139","0.10807291895151139","0.10807291895151139"
"23000","0.1074186223745346","0.1074186223745346","0.1074186223745346"
"23100","0.1079394555091858","0.1079394555091858","0.1079394555091858"
"23200","0.10773112177848816","0.10773112177848816","0.10773112177848816"
"23300","0.10983073115348815","0.10983073115348815","0.10983073115348815"
"23400","0.10909830957651138","0.10909830957651138","0.10909830957651138"
"23500","0.10956054955720901","0.10956054955720901","0.10956054955720901"
"23600","0.10944987177848815","0.10944987177848815","0.10944987177848815"
"23700","0.11130859553813935","0.11130859553813935","0.11130859553813935"
"23800","0.10922526329755783","0.10922526329755783","0.10922526329755783"
"23900","0.11202148735523224","0.11202148735523224","0.11202148735523224"
"24000","0.11157877862453461","0.11157877862453461","0.11157877862453461"
"24100","0.11199218988418579","0.11199218988418579","0.11199218988418579"
"24200","0.11127929896116256","0.11127929896116256","0.11127929896116256"
"24300","0.11327474266290664","0.11327474266290664","0.11327474266290664"
"24400","0.11398437708616256","0.11398437708616256","0.11398437708616256"
"24500","0.11198893427848816","0.11198893427848816","0.11198893427848816"
"24600","0.11405273735523223","0.11405273735523223","0.11405273735523223"
"24700","0.11320312768220901","0.11320312768220901","0.11320312768220901"
"24800","0.11372721582651138","0.11372721582651138","0.11372721582651138"
"24900","0.11236002802848816","0.11236002802848816","0.11236002802848816"
"25000","0.1145019555091858","0.1145019555091858","0.1145019555091858"
"25100","0.11471354454755783","0.11471354454755783","0.11471354454755783"
"25200","0.11502929985523223","0.11502929985523223","0.11502929985523223"
"25300","0.11555664360523224","0.11555664360523224","0.11555664360523224"
"25400","0.11633463770151138","0.11633463770151138","0.11633463770151138"
"25500","0.11577474296092988","0.11577474296092988","0.11577474296092988"
"25600","0.11771810054779053","0.11771810054779053","0.11771810054779053"
"25700","0.11801432579755783","0.11801432579755783","0.11801432579755783"
"25800","0.11636067956686019","0.11636067956686019","0.11636067956686019"
"25900","0.11750325739383698","0.11750325739383698","0.11750325739383698"
"26000","0.11725586175918579","0.11725586175918579","0.11725586175918579"
"26100","0.11832031488418579","0.11832031488418579","0.11832031488418579"
"26200","0.11949218988418579","0.11949218988418579","0.11949218988418579"
"26300","0.1189290389418602","0.1189290389418602","0.1189290389418602"
"26400","0.11956054955720902","0.11956054955720902","0.11956054955720902"
"26500","0.11996745049953461","0.11996745049953461","0.11996745049953461"
"26600","0.12145182549953461","0.12145182549953461","0.12145182549953461"
"26700","0.12168620109558105","0.12168620109558105","0.12168620109558105"
"26800","0.12025716364383697","0.12025716364383697","0.12025716364383697"
"26900","0.12152344048023224","0.12152344048023224","0.12152344048023224"
"27000","0.12329101890325546","0.12329101890325546","0.12329101890325546"
"27100","0.12265950798988343","0.12265950798988343","0.12265950798988343"
"27200","0.12144856959581375","0.12144856959581375","0.12144856959581375"
"27300","0.1241666704416275","0.1241666704416275","0.1241666704416275"
"27400","0.12532877951860427","0.12532877951860427","0.12532877951860427"
"27500","0.12411784231662751","0.12411784231662751","0.12411784231662751"
"27600","0.12612630546092987","0.12612630546092987","0.12612630546092987"
"27700","0.12397461384534836","0.12397461384534836","0.12397461384534836"
"27800","0.12414388477802277","0.12414388477802277","0.12414388477802277"
"27900","0.1258821654319763","0.1258821654319763","0.1258821654319763"
"28000","0.128274744451046","0.128274744451046","0.128274744451046"
"28100","0.1272135457396507","0.1272135457396507","0.1272135457396507"
"28200","0.12696289479732514","0.12696289479732514","0.12696289479732514"
"28300","0.12818359732627868","0.12818359732627868","0.12818359732627868"
"28400","0.1291601613163948","0.1291601613163948","0.1291601613163948"
"28500","0.12785482227802278","0.12785482227802278","0.12785482227802278"
"28600","0.12821615010499954","0.12821615010499954","0.12821615010499954"
"28700","0.12919596791267396","0.12919596791267396","0.12919596791267396"
"28800","0.1291959673166275","0.1291959673166275","0.1291959673166275"
"28900","0.13101237416267394","0.13101237416267394","0.13101237416267394"
"29000","0.13218099355697632","0.13218099355697632","0.13218099355697632"
"29100","0.1315169334411621","0.1315169334411621","0.1315169334411621"
"29200","0.13086914658546447","0.13086914658546447","0.13086914658546447"
"29300","0.13085287034511567","0.13085287034511567","0.13085287034511567"
"29400","0.13323568165302277","0.13323568165302277","0.13323568165302277"
"29500","0.1322037810087204","0.1322037810087204","0.1322037810087204"
"29600","0.13461588978767394","0.13461588978767394","0.13461588978767394"
"29700","0.13306641042232514","0.13306641042232514","0.13306641042232514"
"29800","0.13482096910476685","0.13482096910476685","0.13482096910476685"
"29900","0.13653646349906923","0.13653646349906923","0.13653646349906923"
"30000","0.13750000476837157","0.13750000476837157","0.13750000476837157"
"30100","0.1368652391433716","0.1368652391433716","0.1368652391433716"
"30200","0.13823242545127867","0.13823242545127867","0.13823242545127867"
"30300","0.13826172292232514","0.13826172292232514","0.13826172292232514"
"30400","0.13928386092185974","0.13928386092185974","0.13928386092185974"
"30500","0.13877279222011565","0.13877279222011565","0.13877279222011565"
"30600","0.13959635853767394","0.13959635853767394","0.13959635853767394"
"30700","0.1411881583929062","0.1411881583929062","0.1411881583929062"
"30800","0.1403190153837204","0.1403190153837204","0.1403190153837204"
"30900","0.14034180104732513","0.14034180104732513","0.14034180104732513"
"31000","0.14047200977802277","0.14047200977802277","0.14047200977802277"
"31100","0.14494466602802278","0.14494466602802278","0.14494466602802278"
"31200","0.14227214217185974","0.14227214217185974","0.14227214217185974"
"31300","0.14348633348941803","0.14348633348941803","0.14348633348941803"
"31400","0.1431315153837204","0.1431315153837204","0.1431315153837204"
"31500","0.1473990947008133","0.1473990947008133","0.1473990947008133"
"31600","0.14643555104732514","0.14643555104732514","0.14643555104732514"
"31700","0.1466601598262787","0.1466601598262787","0.1466601598262787"
"31800","0.14718750476837159","0.14718750476837159","0.14718750476837159"
"31900","0.14972005784511566","0.14972005784511566","0.14972005784511566"
"32000","0.14923828661441804","0.14923828661441804","0.14923828661441804"
"32100","0.1525651103258133","0.1525651103258133","0.1525651103258133"
"32200","0.15114583790302277","0.15114583790302277","0.15114583790302277"
"32300","0.15276693284511567","0.15276693284511567","0.15276693284511567"
"32400","0.15404948353767395","0.15404948353767395","0.15404948353767395"
"32500","0.15518555104732512","0.15518555104732512","0.15518555104732512"
"32600","0.15477539598941803","0.15477539598941803","0.15477539598941803"
"32700","0.15627930104732513","0.15627930104732513","0.15627930104732513"
"32800","0.15547526478767396","0.15547526478767396","0.15547526478767396"
"32900","0.15848633229732514","0.15848633229732514","0.15848633229732514"
"33000","0.1591048240661621","0.1591048240661621","0.1591048240661621"
"33100","0.15750977158546448","0.15750977158546448","0.15750977158546448"
"33200","0.16032878160476685","0.16032878160476685","0.16032878160476685"
"33300","0.16067709028720856","0.16067709028720856","0.16067709028720856"
"33400","0.16177083790302277","0.16177083790302277","0.16177083790302277"
"33500","0.16193034410476684","0.16193034410476684","0.16193034410476684"
"33600","0.16441406667232514","0.16441406667232514","0.16441406667232514"
"33700","0.1660774803161621","0.1660774803161621","0.1660774803161621"
"33800","0.16703776478767396","0.16703776478767396","0.16703776478767396"
"33900","0.1673600322008133","0.1673600322008133","0.1673600322008133"
"34000","0.16903646290302277","0.16903646290302277","0.16903646290302277"
"34100","0.1693033903837204","0.1693033903837204","0.1693033903837204"
"34200","0.1721940153837204","0.1721940153837204","0.1721940153837204"
"34300","0.17168620288372038","0.17168620288372038","0.17168620288372038"
"34400","0.17014323353767394","0.17014323353767394","0.17014323353767394"
"34500","0.17251628279685974","0.17251628279685974","0.17251628279685974"
"34600","0.1750162810087204","0.1750162810087204","0.1750162810087204"
"34700","0.1740006560087204","0.1740006560087204","0.1740006560087204"
"34800","0.17570313036441804","0.17570313036441804","0.17570313036441804"
"34900","0.1791959685087204","0.1791959685087204","0.1791959685087204"
"35000","0.17631836533546447","0.17631836533546447","0.17631836533546447"
"35100","0.17857422411441803","0.17857422411441803","0.17857422411441803"
"35200","0.18015950918197632","0.18015950918197632","0.18015950918197632"
"35300","0.1831054735183716","0.1831054735183716","0.1831054735183716"
"35400","0.1817285215854645","0.1817285215854645","0.1817285215854645"
"35500","0.18353841662406922","0.18353841662406922","0.18353841662406922"
"35600","0.1864713591337204","0.1864713591337204","0.1864713591337204"
"35700","0.18491536915302276","0.18491536915302276","0.18491536915302276"
"35800","0.1861686247587204","0.1861686247587204","0.1861686247587204"
"35900","0.1868619853258133","0.1868619853258133","0.1868619853258133"
"36000","0.1902604216337204","0.1902604216337204","0.1902604216337204"
"36100","0.19049154222011566","0.19049154222011566","0.19049154222011566"
"36200","0.19124674975872039","0.19124674975872039","0.19124674975872039"
"36300","0.19475586235523223","0.19475586235523223","0.19475586235523223"
"36400","0.19303060472011566","0.19303060472011566","0.19303060472011566"
"36500","0.19532552540302275","0.19532552540302275","0.19532552540302275"
"36600","0.1961621153354645","0.1961621153354645","0.1961621153354645"
"36700","0.19723958849906922","0.19723958849906922","0.19723958849906922"
"36800","0.1957259166240692","0.1957259166240692","0.1957259166240692"
"36900","0.19808594405651092","0.19808594405651092","0.19808594405651092"
"37000","0.19938477098941804","0.19938477098941804","0.19938477098941804"
"37100","0.20073242783546447","0.20073242783546447","0.20073242783546447"
"37200","0.19807943165302277","0.19807943165302277","0.19807943165302277"
"37300","0.20355143785476684","0.20355143785476684","0.20355143785476684"
"37400","0.20445313096046447","0.20445313096046447","0.20445313096046447"
"37500","0.2042415416240692","0.2042415416240692","0.2042415416240692"
"37600","0.20606771349906922","0.20606771349906922","0.20606771349906922"
"37700","0.20538412034511566","0.20538412034511566","0.20538412034511566"
"37800","0.20975911974906922","0.20975911974906922","0.20975911974906922"
"37900","0.2068782603740692","0.2068782603740692","0.2068782603740692"
"38000","0.21095052421092986","0.21095052421092986","0.21095052421092986"
"38100","0.20815104722976685","0.20815104722976685","0.20815104722976685"
"38200","0.2099088591337204","0.2099088591337204","0.2099088591337204"
"38300","0.21592122733592986","0.21592122733592986","0.21592122733592986"
"38400","0.21405273973941802","0.21405273973941802","0.21405273973941802"
"38500","0.21727865040302277","0.21727865040302277","0.21727865040302277"
"38600","0.21723633348941804","0.21723633348941804","0.21723633348941804"
"38700","0.21594401478767394","0.21594401478767394","0.21594401478767394"
"38800","0.22097982227802276","0.22097982227802276","0.22097982227802276"
"38900","0.2185709685087204","0.2185709685087204","0.2185709685087204"
"39000","0.22279622793197632","0.22279622793197632","0.22279622793197632"
"39100","0.22315104722976684","0.22315104722976684","0.22315104722976684"
"39200","0.22231771409511566","0.22231771409511566","0.22231771409511566"
"39300","0.21884440660476684","0.21884440660476684","0.21884440660476684"
"39400","0.22193685412406922","0.22193685412406922","0.22193685412406922"
"39500","0.2275162810087204","0.2275162810087204","0.2275162810087204"
"39600","0.22286458790302277","0.22286458790302277","0.22286458790302277"
"39700","0.22244141221046448","0.22244141221046448","0.22244141221046448"
"39800","0.2284212303161621","0.2284212303161621","0.2284212303161621"
"39900","0.23099609911441804","0.23099609911441804","0.23099609911441804"
"40000","0.22983398914337158","0.22983398914337158","0.22983398914337158"
"40100","0.23027995169162752","0.23027995169162752","0.23027995169162752"
"40200","0.23001953542232514","0.23001953542232514","0.23001953542232514"
"40300","0.23107422292232513","0.23107422292232513","0.23107422292232513"
"40400","0.23341797292232513","0.23341797292232513","0.23341797292232513"
"40500","0.23289388716220855","0.23289388716220855","0.23289388716220855"
"40600","0.23203125536441804","0.23203125536441804","0.23203125536441804"
"40700","0.2363737028837204","0.2363737028837204","0.2363737028837204"
"40800","0.2377181041240692","0.2377181041240692","0.2377181041240692"
"40900","0.23497396290302278","0.23497396290302278","0.23497396290302278"
"41000","0.2360026091337204","0.2360026091337204","0.2360026091337204"
"41100","0.23937500417232513","0.23937500417232513","0.23937500417232513"
"41200","0.23807617843151094","0.23807617843151094","0.23807617843151094"
"41300","0.24426758348941802","0.24426758348941802","0.24426758348941802"
"41400","0.24308268785476683","0.24308268785476683","0.24308268785476683"
"41500","0.24341797351837158","0.24341797351837158","0.24341797351837158"
"41600","0.24718750655651092","0.24718750655651092","0.24718750655651092"
"41700","0.2474349009990692","0.2474349009990692","0.2474349009990692"
"41800","0.24494141101837158","0.24494141101837158","0.24494141101837158"
"41900","0.25045899212360384","0.25045899212360384","0.25045899212360384"
"42000","0.24661133468151092","0.24661133468151092","0.24661133468151092"
"42100","0.2500520896911621","0.2500520896911621","0.2500520896911621"
"42200","0.25301758587360385","0.25301758587360385","0.25301758587360385"
"42300","0.2526855546236038","0.2526855546236038","0.2526855546236038"
"42400","0.25343099892139437","0.25343099892139437","0.25343099892139437"
"42500","0.2515136796236038","0.2515136796236038","0.2515136796236038"
"42600","0.25616862893104553","0.25616862893104553","0.25616862893104553"
"42700","0.25191732585430143","0.25191732585430143","0.25191732585430143"
"42800","0.2589843833446503","0.2589843833446503","0.2589843833446503"
"42900","0.2559798264503479","0.2559798264503479","0.2559798264503479"
"43000","0.26075521945953367","0.26075521945953367","0.26075521945953367"
"43100","0.258264981508255","0.258264981508255","0.258264981508255"
"43200","0.25882488131523135","0.25882488131523135","0.25882488131523135"
"43300","0.2628320419788361","0.2628320419788361","0.2628320419788361"
"43400","0.26283203840255737","0.26283203840255737","0.26283203840255737"
"43500","0.26572917580604555","0.26572917580604555","0.26572917580604555"
"43600","0.2645800876617432","0.2645800876617432","0.2645800876617432"
"43700","0.26428386330604553","0.26428386330604553","0.26428386330604553"
"43800","0.2641178500652313","0.2641178500652313","0.2641178500652313"
"43900","0.2642806100845337","0.2642806100845337","0.2642806100845337"
"44000","0.2641829538345337","0.2641829538345337","0.2641829538345337"
"44100","0.2701627695560455","0.2701627695560455","0.2701627695560455"
"44200","0.2674349057674408","0.2674349057674408","0.2674349057674408"
"44300","0.2688248813152313","0.2688248813152313","0.2688248813152313"
"44400","0.27373373627662656","0.27373373627662656","0.27373373627662656"
"44500","0.27142253398895266","0.27142253398895266","0.27142253398895266"
"44600","0.27238608002662656","0.27238608002662656","0.27238608002662656"
"44700","0.27204102754592896","0.27204102754592896","0.27204102754592896"
"44800","0.2752408957481384","0.2752408957481384","0.2752408957481384"
"44900","0.27380860447883604","0.27380860447883604","0.27380860447883604"
"45000","0.2776041758060455","0.2776041758060455","0.2776041758060455"
"45100","0.277766934633255","0.277766934633255","0.277766934633255"
"45200","0.27589193820953367","0.27589193820953367","0.27589193820953367"
"45300","0.2790169370174408","0.2790169370174408","0.2790169370174408"
"45400","0.28009766578674317","0.28009766578674317","0.28009766578674317"
"45500","0.27814128279685973","0.27814128279685973","0.27814128279685973"
"45600","0.2816015720367432","0.2816015720367432","0.2816015720367432"
"45700","0.2825423276424408","0.2825423276424408","0.2825423276424408"
"45800","0.28535157203674316","0.28535157203674316","0.28535157203674316"
"45900","0.2811067795753479","0.2811067795753479","0.2811067795753479"
"46000","0.28437500715255737","0.28437500715255737","0.28437500715255737"
"46100","0.28492839336395265","0.28492839336395265","0.28492839336395265"
"46200","0.2857096469402313","0.2857096469402313","0.2857096469402313"
"46300","0.28986003279685973","0.28986003279685973","0.28986003279685973"
"46400","0.29035808086395265","0.29035808086395265","0.29035808086395265"
"46500","0.2899837303161621","0.2899837303161621","0.2899837303161621"
"46600","0.29018555641174315","0.29018555641174315","0.29018555641174315"
"46700","0.29235027194023133","0.29235027194023133","0.29235027194023133"
"46800","0.2884961009025574","0.2884961009025574","0.2884961009025574"
"46900","0.29236003279685974","0.29236003279685974","0.29236003279685974"
"47000","0.2911686301231384","0.2911686301231384","0.2911686301231384"
"47100","0.2927083468437195","0.2927083468437195","0.2927083468437195"
"47200","0.29458659529685977","0.29458659529685977","0.29458659529685977"
"47300","0.2979427182674408","0.2979427182674408","0.2979427182674408"
"47400","0.29504558324813845","0.29504558324813845","0.29504558324813845"
"47500","0.2944075608253479","0.2944075608253479","0.2944075608253479"
"47600","0.2988313889503479","0.2988313889503479","0.2988313889503479"
"47700","0.3006282663345337","0.3006282663345337","0.3006282663345337"
"47800","0.2999446666240692","0.2999446666240692","0.2999446666240692"
"47900","0.2993684995174408","0.2993684995174408","0.2993684995174408"
"48000","0.3000097763538361","0.3000097763538361","0.3000097763538361"
"48100","0.3007975327968597","0.3007975327968597","0.3007975327968597"
"48200","0.30323568820953367","0.30323568820953367","0.30323568820953367"
"48300","0.30402019262313845","0.30402019262313845","0.30402019262313845"
"48400","0.30581055641174315","0.30581055641174315","0.30581055641174315"
"48500","0.3031868588924408","0.3031868588924408","0.3031868588924408"
"48600","0.30837891697883607","0.30837891697883607","0.30837891697883607"
"48700","0.30513347387313844","0.30513347387313844","0.30513347387313844"
"48800","0.30747071385383606","0.30747071385383606","0.30747071385383606"
"48900","0.30283204078674314","0.30283204078674314","0.30283204078674314"
"49000","0.31221354961395265","0.31221354961395265","0.31221354961395265"
"49100","0.3061067807674408","0.3061067807674408","0.3061067807674408"
"49200","0.31096680760383605","0.31096680760383605","0.31096680760383605"
"49300","0.3129362070560455","0.3129362070560455","0.3129362070560455"
"49400","0.30924805760383606","0.30924805760383606","0.30924805760383606"
"49500","0.31417969465255735","0.31417969465255735","0.31417969465255735"
"49600","0.3129394662380218","0.3129394662380218","0.3129394662380218"
"49700","0.3149772238731384","0.3149772238731384","0.3149772238731384"
"49800","0.31761719822883605","0.31761719822883605","0.31761719822883605"
"49900","0.31402344584465025","0.31402344584465025","0.31402344584465025"
"50000","0.3157161545753479","0.3157161545753479","0.3157161545753479"
"50100","0.3157975375652313","0.3157975375652313","0.3157975375652313"
"50200","0.3188313913345337","0.3188313913345337","0.3188313913345337"
"50300","0.3181022238731384","0.3181022238731384","0.3181022238731384"
"50400","0.31895508646965026","0.31895508646965026","0.31895508646965026"
"50500","0.3201985776424408","0.3201985776424408","0.3201985776424408"
"50600","0.3247005307674408","0.3247005307674408","0.3247005307674408"
"50700","0.3230599081516266","0.3230599081516266","0.3230599081516266"
"50800","0.3285156333446503","0.3285156333446503","0.3285156333446503"
"50900","0.32574870467185973","0.32574870467185973","0.32574870467185973"
"51000","0.3183691489696503","0.3183691489696503","0.3183691489696503"
"51100","0.3281412851810455","0.3281412851810455","0.3281412851810455"
"51200","0.3266211020946503","0.3266211020946503","0.3266211020946503"
"51300","0.3262630307674408","0.3262630307674408","0.3262630307674408"
"51400","0.33036134004592893","0.33036134004592893","0.33036134004592893"
"51500","0.32615886569023134","0.32615886569023134","0.32615886569023134"
"51600","0.3282649827003479","0.3282649827003479","0.3282649827003479"
"51700","0.3286849057674408","0.3286849057674408","0.3286849057674408"
"51800","0.3317220175266266","0.3317220175266266","0.3317220175266266"
"51900","0.33468425512313843","0.33468425512313843","0.33468425512313843"
"52000","0.3269824302196503","0.3269824302196503","0.3269824302196503"
"52100","0.33379883885383604","0.33379883885383604","0.33379883885383604"
"52200","0.33214519143104554","0.33214519143104554","0.33214519143104554"
"52300","0.33917644023895266","0.33917644023895266","0.33917644023895266"
"52400","0.3369173264503479","0.3369173264503479","0.3369173264503479"
"52500","0.3373958444595337","0.3373958444595337","0.3373958444595337"
"52600","0.33265951633453367","0.33265951633453367","0.33265951633453367"
"52700","0.3395052170753479","0.3395052170753479","0.3395052170753479"
"52800","0.3358528757095337","0.3358528757095337","0.3358528757095337"
"52900","0.3403157663345337","0.3403157663345337","0.3403157663345337"
"53000","0.3368815219402313","0.3368815219402313","0.3368815219402313"
"53100","0.3404817795753479","0.3404817795753479","0.3404817795753479"
"53200","0.34150391578674316","0.34150391578674316","0.34150391578674316"
"53300","0.3441992294788361","0.3441992294788361","0.3441992294788361"
"53400","0.3396289122104645","0.3396289122104645","0.3396289122104645"
"53500","0.3434212350845337","0.3434212350845337","0.3434212350845337"
"53600","0.3456933689117432","0.3456933689117432","0.3456933689117432"
"53700","0.3456770944595337","0.3456770944595337","0.3456770944595337"
"53800","0.34143230080604553","0.34143230080604553","0.34143230080604553"
"53900","0.3406119918823242","0.3406119918823242","0.3406119918823242"
"54000","0.3466829526424408","0.3466829526424408","0.3466829526424408"
"54100","0.34892253518104555","0.34892253518104555","0.34892253518104555"
"54200","0.35037110447883607","0.35037110447883607","0.35037110447883607"
"54300","0.3492057383060455","0.3492057383060455","0.3492057383060455"
"54400","0.3530859446525574","0.3530859446525574","0.3530859446525574"
"54500","0.34137696504592896","0.34137696504592896","0.34137696504592896"
"54600","0.35333985328674317","0.35333985328674317","0.35333985328674317"
"54700","0.35152019023895265","0.35152019023895265","0.35152019023895265"
"54800","0.3486132907867432","0.3486132907867432","0.3486132907867432"
"54900","0.3523339915275574","0.3523339915275574","0.3523339915275574"
"55000","0.35484701514244077","0.35484701514244077","0.35484701514244077"
"55100","0.3553938913345337","0.3553938913345337","0.3553938913345337"
"55200","0.3570182418823242","0.3570182418823242","0.3570182418823242"
"55300","0.35498698949813845","0.35498698949813845","0.35498698949813845"
"55400","0.3571614670753479","0.3571614670753479","0.3571614670753479"
"55500","0.35671876072883607","0.35671876072883607","0.35671876072883607"
"55600","0.3529134213924408","0.3529134213924408","0.3529134213924408"
"55700","0.35500001192092895","0.35500001192092895","0.35500001192092895"
"55800","0.3659993577003479","0.3659993577003479","0.3659993577003479"
"55900","0.36353191137313845","0.36353191137313845","0.36353191137313845"
"56000","0.3652962350845337","0.3652962350845337","0.3652962350845337"
"56100","0.36179688572883606","0.36179688572883606","0.36179688572883606"
"56200","0.3655306088924408","0.3655306088924408","0.3655306088924408"
"56300","0.36543620824813844","0.36543620824813844","0.36543620824813844"
"56400","0.36333659768104554","0.36333659768104554","0.36333659768104554"
"56500","0.3671712350845337","0.3671712350845337","0.3671712350845337"
"56600","0.3671451938152313","0.3671451938152313","0.3671451938152313"
"56700","0.36612305402755735","0.36612305402755735","0.36612305402755735"
"56800","0.3710514438152313","0.3710514438152313","0.3710514438152313"
"56900","0.37015626192092893","0.37015626192092893","0.37015626192092893"
"57000","0.3721744871139526","0.3721744871139526","0.3721744871139526"
"57100","0.3723925888538361","0.3723925888538361","0.3723925888538361"
"57200","0.3690787863731384","0.3690787863731384","0.3690787863731384"
"57300","0.3709798276424408","0.3709798276424408","0.3709798276424408"
"57400","0.37301433086395264","0.37301433086395264","0.37301433086395264"
"57500","0.3716634213924408","0.3716634213924408","0.3716634213924408"
"57600","0.37386394262313843","0.37386394262313843","0.37386394262313843"
"57700","0.3745377731323242","0.3745377731323242","0.3745377731323242"
"57800","0.37672852754592895","0.37672852754592895","0.37672852754592895"
"57900","0.37458008766174317","0.37458008766174317","0.37458008766174317"
"58000","0.3811686313152313","0.3811686313152313","0.3811686313152313"
"58100","0.37430339694023135","0.37430339694023135","0.37430339694023135"
"58200","0.3784505319595337","0.3784505319595337","0.3784505319595337"
"58300","0.38227540016174316","0.38227540016174316","0.38227540016174316"
"58400","0.37972006559371946","0.37972006559371946","0.37972006559371946"
"58500","0.38131836891174314","0.38131836891174314","0.38131836891174314"
"58600","0.38990235328674316","0.38990235328674316","0.38990235328674316"
"58700","0.3856250071525574","0.3856250071525574","0.3856250071525574"
"58800","0.3805208456516266","0.3805208456516266","0.3805208456516266"
"58900","0.3845768332481384","0.3845768332481384","0.3845768332481384"
"59000","0.3847786545753479","0.3847786545753479","0.3847786545753479"
"59100","0.3799056100845337","0.3799056100845337","0.3799056100845337"
"59200","0.38999675631523134","0.38999675631523134","0.38999675631523134"
"59300","0.3801269602775574","0.3801269602775574","0.3801269602775574"
"59400","0.38533203840255736","0.38533203840255736","0.38533203840255736"
"59500","0.390371105670929","0.390371105670929","0.390371105670929"
"59600","0.3878483176231384","0.3878483176231384","0.3878483176231384"
"59700","0.3961328208446503","0.3961328208446503","0.3961328208446503"
"59800","0.3912011802196503","0.3912011802196503","0.3912011802196503"
"59900","0.38808594703674315","0.38808594703674315","0.38808594703674315"
"60000","0.39038086771965025","0.39038086771965025","0.39038086771965025"
"60100","0.393577481508255","0.393577481508255","0.393577481508255"
"60200","0.3993001401424408","0.3993001401424408","0.3993001401424408"
"60300","0.39764649391174317","0.39764649391174317","0.39764649391174317"
"60400","0.39038087010383604","0.39038087010383604","0.39038087010383604"
"60500","0.39944336891174315","0.39944336891174315","0.39944336891174315"
"60600","0.39813477754592896","0.39813477754592896","0.39813477754592896"
"60700","0.3961360764503479","0.3961360764503479","0.3961360764503479"
"60800","0.39930665016174316","0.39930665016174316","0.39930665016174316"
"60900","0.3944270932674408","0.3944270932674408","0.3944270932674408"
"61000","0.3966178500652313","0.3966178500652313","0.3966178500652313"
"61100","0.4009537851810455","0.4009537851810455","0.4009537851810455"
"61200","0.4032780039310455","0.4032780039310455","0.4032780039310455"
"61300","0.39704102754592896","0.39704102754592896","0.39704102754592896"
"61400","0.40435548067092897","0.40435548067092897","0.40435548067092897"
"61500","0.40768555641174314","0.40768555641174314","0.40768555641174314"
"61600","0.4090364646911621","0.4090364646911621","0.4090364646911621"
"61700","0.4059635508060455","0.4059635508060455","0.4059635508060455"
"61800","0.4130664157867432","0.4130664157867432","0.4130664157867432"
"61900","0.4070931077003479","0.4070931077003479","0.4070931077003479"
"62000","0.40777995824813845","0.40777995824813845","0.40777995824813845"
"62100","0.4087239718437195","0.4087239718437195","0.4087239718437195"
"62200","0.41013347268104555","0.41013347268104555","0.41013347268104555"
"62300","0.4118684995174408","0.4118684995174408","0.4118684995174408"
"62400","0.4135872495174408","0.4135872495174408","0.4135872495174408"
"62500","0.4074837327003479","0.4074837327003479","0.4074837327003479"
"62600","0.4080143308639526","0.4080143308639526","0.4080143308639526"
"62700","0.4187793052196503","0.4187793052196503","0.4187793052196503"
"62800","0.41437175512313845","0.41437175512313845","0.41437175512313845"
"62900","0.4123535251617432","0.4123535251617432","0.4123535251617432"
"63000","0.4135091245174408","0.4135091245174408","0.4135091245174408"
"63100","0.4169401133060455","0.4169401133060455","0.4169401133060455"
"63200","0.41502279877662657","0.41502279877662657","0.41502279877662657"
"63300","0.41668946146965025","0.41668946146965025","0.41668946146965025"
"63400","0.4186295676231384","0.4186295676231384","0.4186295676231384"
"63500","0.4170865988731384","0.4170865988731384","0.4170865988731384"
"63600","0.42294923067092893","0.42294923067092893","0.42294923067092893"
"63700","0.4175618588924408","0.4175618588924408","0.4175618588924408"
"63800","0.4223079514503479","0.4223079514503479","0.4223079514503479"
"63900","0.4225716233253479","0.4225716233253479","0.4225716233253479"
"64000","0.4209895944595337","0.4209895944595337","0.4209895944595337"
"64100","0.4203548288345337","0.4203548288345337","0.4203548288345337"
"64200","0.4223600339889526","0.4223600339889526","0.4223600339889526"
"64300","0.4228873801231384","0.4228873801231384","0.4228873801231384"
"64400","0.4145865988731384","0.4145865988731384","0.4145865988731384"
"64500","0.430107433795929","0.430107433795929","0.430107433795929"
"64600","0.4286002695560455","0.4286002695560455","0.4286002695560455"
"64700","0.4293815207481384","0.4293815207481384","0.4293815207481384"
"64800","0.42731120824813845","0.42731120824813845","0.42731120824813845"
"64900","0.4298339951038361","0.4298339951038361","0.4298339951038361"
"65000","0.4274934983253479","0.4274934983253479","0.4274934983253479"
"65100","0.4249544382095337","0.4249544382095337","0.4249544382095337"
"65200","0.43593425750732423","0.43593425750732423","0.43593425750732423"
"65300","0.43463542580604553","0.43463542580604553","0.43463542580604553"
"65400","0.43002930402755735","0.43002930402755735","0.43002930402755735"
"65500","0.43732097625732425","0.43732097625732425","0.43732097625732425"
"65600","0.43532878637313843","0.43532878637313843","0.43532878637313843"
"65700","0.4420117282867432","0.4420117282867432","0.4420117282867432"
"65800","0.4317415452003479","0.4317415452003479","0.4317415452003479"
"65900","0.4430957102775574","0.4430957102775574","0.4430957102775574"
"66000","0.43290040373802186","0.43290040373802186","0.43290040373802186"
"66100","0.4397558689117432","0.4397558689117432","0.4397558689117432"
"66200","0.4318001401424408","0.4318001401424408","0.4318001401424408"
"66300","0.44275391697883604","0.44275391697883604","0.44275391697883604"
"66400","0.444026700258255","0.444026700258255","0.444026700258255"
"66500","0.44173178195953366","0.44173178195953366","0.44173178195953366"
"66600","0.4478352952003479","0.4478352952003479","0.4478352952003479"
"66700","0.4452929782867432","0.4452929782867432","0.4452929782867432"
"66800","0.4438899803161621","0.4438899803161621","0.4438899803161621"
"66900","0.44796550154685977","0.44796550154685977","0.44796550154685977"
"67000","0.44386394262313844","0.44386394262313844","0.44386394262313844"
"67100","0.4474935007095337","0.4474935007095337","0.4474935007095337"
"67200","0.4484668064117432","0.4484668064117432","0.4484668064117432"
"67300","0.44752605199813844","0.44752605199813844","0.44752605199813844"
"67400","0.45162110328674315","0.45162110328674315","0.45162110328674315"
"67500","0.45074870824813845","0.45074870824813845","0.45074870824813845"
"67600","0.4521549618244171","0.4521549618244171","0.4521549618244171"
"67700","0.4535156333446503","0.4535156333446503","0.4535156333446503"
"67800","0.4508040452003479","0.4508040452003479","0.4508040452003479"
"67900","0.4540234470367432","0.4540234470367432","0.4540234470367432"
"68000","0.4455045664310455","0.4455045664310455","0.4455045664310455"
"68100","0.4559472739696503","0.4559472739696503","0.4559472739696503"
"68200","0.4523112082481384","0.4523112082481384","0.4523112082481384"
"68300","0.44970704317092897","0.44970704317092897","0.44970704317092897"
"68400","0.4567675876617432","0.4567675876617432","0.4567675876617432"
"68500","0.45872071146965027","0.45872071146965027","0.45872071146965027"
"68600","0.4582487034797669","0.4582487034797669","0.4582487034797669"
"68700","0.4648274838924408","0.4648274838924408","0.4648274838924408"
"68800","0.46094727635383603","0.46094727635383603","0.46094727635383603"
"68900","0.45806642055511476","0.45806642055511476","0.45806642055511476"
"69000","0.4605110764503479","0.4605110764503479","0.4605110764503479"
"69100","0.4612272214889526","0.4612272214889526","0.4612272214889526"
"69200","0.4669563901424408","0.4669563901424408","0.4669563901424408"
"69300","0.46927735567092893","0.46927735567092893","0.46927735567092893"
"69400","0.4667936301231384","0.4667936301231384","0.4667936301231384"
"69500","0.4658756613731384","0.4658756613731384","0.4658756613731384"
"69600","0.47050457119941713","0.47050457119941713","0.47050457119941713"
"69700","0.4710286509990692","0.4710286509990692","0.4710286509990692"
"69800","0.467796231508255","0.467796231508255","0.467796231508255"
"69900","0.46654297709465026","0.46654297709465026","0.46654297709465026"
"70000","0.46804688692092894","0.46804688692092894","0.46804688692092894"
"70100","0.4705468833446503","0.4705468833446503","0.4705468833446503"
"70200","0.47537110567092894","0.47537110567092894","0.47537110567092894"
"70300","0.4705208432674408","0.4705208432674408","0.4705208432674408"
"70400","0.4745084774494171","0.4745084774494171","0.4745084774494171"
"70500","0.47478191256523133","0.47478191256523133","0.47478191256523133"
"70600","0.4806315207481384","0.4806315207481384","0.4806315207481384"
"70700","0.4777506625652313","0.4777506625652313","0.4777506625652313"
"70800","0.4705468857288361","0.4705468857288361","0.4705468857288361"
"70900","0.47690104961395263","0.47690104961395263","0.47690104961395263"
"71000","0.4799739682674408","0.4799739682674408","0.4799739682674408"
"71100","0.48200196266174317","0.48200196266174317","0.48200196266174317"
"71200","0.47022462129592896","0.47022462129592896","0.47022462129592896"
"71300","0.48109050512313845","0.48109050512313845","0.48109050512313845"
"71400","0.4835709738731384","0.4835709738731384","0.4835709738731384"
"71500","0.4816178512573242","0.4816178512573242","0.4816178512573242"
"71600","0.48375651955604554","0.48375651955604554","0.48375651955604554"
"71700","0.48583659529685974","0.48583659529685974","0.48583659529685974"
"71800","0.48669922828674317","0.48669922828674317","0.48669922828674317"
"71900","0.488782559633255","0.488782559633255","0.488782559633255"
"72000","0.4918717551231384","0.4918717551231384","0.4918717551231384"
"72100","0.48617839336395263","0.48617839336395263","0.48617839336395263"
"72200","0.48453776955604555","0.48453776955604555","0.48453776955604555"
"72300","0.48655925631523134","0.48655925631523134","0.48655925631523134"
"72400","0.49062501192092894","0.49062501192092894","0.49062501192092894"
"72500","0.492766934633255","0.492766934633255","0.492766934633255"
"72600","0.49182944059371947","0.49182944059371947","0.49182944059371947"
"72700","0.49323243021965024","0.49323243021965024","0.49323243021965024"
"72800","0.4976399838924408","0.4976399838924408","0.4976399838924408"
"72900","0.4928743612766266","0.4928743612766266","0.4928743612766266"
"73000","0.49296225190162657","0.49296225190162657","0.49296225190162657"
"73100","0.4986881649494171","0.4986881649494171","0.4986881649494171"
"73200","0.49558269619941714","0.49558269619941714","0.49558269619941714"
"73300","0.492190762758255","0.492190762758255","0.492190762758255"
"73400","0.49962241768836974","0.49962241768836974","0.49962241768836974"
"73500","0.4925813913345337","0.4925813913345337","0.4925813913345337"
"73600","0.5027050948143006","0.5027050948143006","0.5027050948143006"
"73700","0.5013769674301147","0.5013769674301147","0.5013769674301147"
"73800","0.4986230552196503","0.4986230552196503","0.4986230552196503"
"73900","0.5006575691699982","0.5006575691699982","0.5006575691699982"
"74000","0.5024837398529053","0.5024837398529053","0.5024837398529053"
"74100","0.5089746308326721","0.5089746308326721","0.5089746308326721"
"74200","0.5030013191699981","0.5030013191699981","0.5030013191699981"
"74300","0.5045735895633697","0.5045735895633697","0.5045735895633697"
"74400","0.5057649862766266","0.5057649862766266","0.5057649862766266"
"74500","0.5090299689769745","0.5090299689769745","0.5090299689769745"
"74600","0.5084603095054626","0.5084603095054626","0.5084603095054626"
"74700","0.5128776264190674","0.5128776264190674","0.5128776264190674"
"74800","0.5101725471019745","0.5101725471019745","0.5101725471019745"
"74900","0.5068522322177887","0.5068522322177887","0.5068522322177887"
"75000","0.5079752790927887","0.5079752790927887","0.5079752790927887"
"75100","0.5153548407554627","0.5153548407554627","0.5153548407554627"
"75200","0.5149837470054627","0.5149837470054627","0.5149837470054627"
"75300","0.5227539300918579","0.5227539300918579","0.5227539300918579"
"75400","0.515488305091858","0.515488305091858","0.515488305091858"
"75500","0.5179492425918579","0.5179492425918579","0.5179492425918579"
"75600","0.5193294501304626","0.5193294501304626","0.5193294501304626"
"75700","0.5179231977462768","0.5179231977462768","0.5179231977462768"
"75800","0.5204915523529052","0.5204915523529052","0.5204915523529052"
"75900","0.5224870014190673","0.5224870014190673","0.5224870014190673"
"76000","0.5213965034484863","0.5213965034484863","0.5213965034484863"
"76100","0.5231022310256958","0.5231022310256958","0.5231022310256958"
"76200","0.5266797161102295","0.5266797161102295","0.5266797161102295"
"76300","0.5216894745826721","0.5216894745826721","0.5216894745826721"
"76400","0.5227181267738342","0.5227181267738342","0.5227181267738342"
"76500","0.5276204633712769","0.5276204633712769","0.5276204633712769"
"76600","0.5275846600532532","0.5275846600532532","0.5275846600532532"
"76700","0.5249056172370911","0.5249056172370911","0.5249056172370911"
"76800","0.5285254096984864","0.5285254096984864","0.5285254096984864"
"76900","0.5339648604393006","0.5339648604393006","0.5339648604393006"
"77000","0.52963543176651","0.52963543176651","0.52963543176651"
"77100","0.5291048383712769","0.5291048383712769","0.5291048383712769"
"77200","0.5294564056396485","0.5294564056396485","0.5294564056396485"
"77300","0.5340625214576721","0.5340625214576721","0.5340625214576721"
"77400","0.5330957245826721","0.5330957245826721","0.5330957245826721"
"77500","0.53239910364151","0.53239910364151","0.53239910364151"
"77600","0.5399869990348816","0.5399869990348816","0.5399869990348816"
"77700","0.5326562666893006","0.5326562666893006","0.5326562666893006"
"77800","0.5335123896598816","0.5335123896598816","0.5335123896598816"
"77900","0.5393619966506958","0.5393619966506958","0.5393619966506958"
"78000","0.5403483271598816","0.5403483271598816","0.5403483271598816"
"78100","0.5453222846984863","0.5453222846984863","0.5453222846984863"
"78200","0.5430501484870911","0.5430501484870911","0.5430501484870911"
"78300","0.5421647381782532","0.5421647381782532","0.5421647381782532"
"78400","0.5383951950073242","0.5383951950073242","0.5383951950073242"
"78500","0.5388183784484863","0.5388183784484863","0.5388183784484863"
"78600","0.5429557490348816","0.5429557490348816","0.5429557490348816"
"78700","0.5466666841506957","0.5466666841506957","0.5466666841506957"
"78800","0.5422265768051148","0.5422265768051148","0.5422265768051148"
"78900","0.5425521016120911","0.5425521016120911","0.5425521016120911"
"79000","0.5486491107940674","0.5486491107940674","0.5486491107940674"
"79100","0.5423926019668579","0.5423926019668579","0.5423926019668579"
"79200","0.5496354389190674","0.5496354389190674","0.5496354389190674"
"79300","0.5484765839576721","0.5484765839576721","0.5484765839576721"
"79400","0.5503157758712769","0.5503157758712769","0.5503157758712769"
"79500","0.554609386920929","0.554609386920929","0.554609386920929"
"79600","0.550345070362091","0.550345070362091","0.550345070362091"
"79700","0.5507422018051148","0.5507422018051148","0.5507422018051148"
"79800","0.5481738495826721","0.5481738495826721","0.5481738495826721"
"79900","0.55337566614151","0.55337566614151","0.55337566614151"
"80000","0.5580110883712769","0.5580110883712769","0.5580110883712769"
"80100","0.5530371284484863","0.5530371284484863","0.5530371284484863"
"80200","0.5538574409484863","0.5538574409484863","0.5538574409484863"
"80300","0.5572916841506959","0.5572916841506959","0.5572916841506959"
"80400","0.561438820362091","0.561438820362091","0.561438820362091"
"80500","0.5591178584098816","0.5591178584098816","0.5591178584098816"
"80600","0.5590918111801148","0.5590918111801148","0.5590918111801148"
"80700","0.5595801043510437","0.5595801043510437","0.5595801043510437"
"80800","0.5602636957168579","0.5602636957168579","0.5602636957168579"
"80900","0.5605989789962769","0.5605989789962769","0.5605989789962769"
"81000","0.5588183808326721","0.5588183808326721","0.5588183808326721"
"81100","0.5652441620826721","0.5652441620826721","0.5652441620826721"
"81200","0.555507836341858","0.555507836341858","0.555507836341858"
"81300","0.5648600506782532","0.5648600506782532","0.5648600506782532"
"81400","0.5649381685256958","0.5649381685256958","0.5649381685256958"
"81500","0.5682877802848816","0.5682877802848816","0.5682877802848816"
"81600","0.5665820574760437","0.5665820574760437","0.5665820574760437"
"81700","0.5662500214576721","0.5662500214576721","0.5662500214576721"
"81800","0.5689420771598815","0.5689420771598815","0.5689420771598815"
"81900","0.5707357001304626","0.5707357001304626","0.5707357001304626"
"82000","0.5709830927848816","0.5709830927848816","0.5709830927848816"
"82100","0.5747558760643006","0.5747558760643006","0.5747558760643006"
"82200","0.5744824409484863","0.5744824409484863","0.5744824409484863"
"82300","0.5683496308326721","0.5683496308326721","0.5683496308326721"
"82400","0.5738867425918579","0.5738867425918579","0.5738867425918579"
"82500","0.5766569209098816","0.5766569209098816","0.5766569209098816"
"82600","0.5723340034484863","0.5723340034484863","0.5723340034484863"
"82700","0.5765820527076722","0.5765820527076722","0.5765820527076722"
"82800","0.5732226753234864","0.5732226753234864","0.5732226753234864"
"82900","0.5826074385643005","0.5826074385643005","0.5826074385643005"
"83000","0.5814941644668579","0.5814941644668579","0.5814941644668579"
"83100","0.5790690326690674","0.5790690326690674","0.5790690326690674"
"83200","0.5819694185256958","0.5819694185256958","0.5819694185256958"
"83300","0.5777571821212768","0.5777571821212768","0.5777571821212768"
"83400","0.5748991060256958","0.5748991060256958","0.5748991060256958"
"83500","0.5808235883712769","0.5808235883712769","0.5808235883712769"
"83600","0.5805729365348816","0.5805729365348816","0.5805729365348816"
"83700","0.5825651216506958","0.5825651216506958","0.5825651216506958"
"83800","0.5823047113418579","0.5823047113418579","0.5823047113418579"
"83900","0.5819694209098816","0.5819694209098816","0.5819694209098816"
"84000","0.5832942914962769","0.5832942914962769","0.5832942914962769"
"84100","0.5827669525146484","0.5827669525146484","0.5827669525146484"
"84200","0.5884049677848816","0.5884049677848816","0.5884049677848816"
"84300","0.5881738471984863","0.5881738471984863","0.5881738471984863"
"84400","0.5889778900146484","0.5889778900146484","0.5889778900146484"
"84500","0.5895866084098816","0.5895866084098816","0.5895866084098816"
"84600","0.5915039253234863","0.5915039253234863","0.5915039253234863"
"84700","0.5906347823143006","0.5906347823143006","0.5906347823143006"
"84800","0.5953190302848816","0.5953190302848816","0.5953190302848816"
"84900","0.5838379096984864","0.5838379096984864","0.5838379096984864"
"85000","0.5919824433326721","0.5919824433326721","0.5919824433326721"
"85100","0.5913769721984863","0.5913769721984863","0.5913769721984863"
"85200","0.5898860955238342","0.5898860955238342","0.5898860955238342"
"85300","0.5935221624374389","0.5935221624374389","0.5935221624374389"
"85400","0.5913802313804627","0.5913802313804627","0.5913802313804627"
"85500","0.5961686348915101","0.5961686348915101","0.5961686348915101"
"85600","0.5987174677848816","0.5987174677848816","0.5987174677848816"
"85700","0.5926757955551147","0.5926757955551147","0.5926757955551147"
"85800","0.5923405146598816","0.5923405146598816","0.5923405146598816"
"85900","0.6004557466506958","0.6004557466506958","0.6004557466506958"
"86000","0.5988834810256958","0.5988834810256958","0.5988834810256958"
"86100","0.600022804737091","0.600022804737091","0.600022804737091"
"86200","0.6008008003234864","0.6008008003234864","0.6008008003234864"
"86300","0.6022656464576721","0.6022656464576721","0.6022656464576721"
"86400","0.6055241060256958","0.6055241060256958","0.6055241060256958"
"86500","0.5984830904006958","0.5984830904006958","0.5984830904006958"
"86600","0.6036100435256958","0.6036100435256958","0.6036100435256958"
"86700","0.6058593988418579","0.6058593988418579","0.6058593988418579"
"86800","0.6074544477462769","0.6074544477462769","0.6074544477462769"
"86900","0.6036751508712769","0.6036751508712769","0.6036751508712769"
"87000","0.6045117425918579","0.6045117425918579","0.6045117425918579"
"87100","0.6051627779006958","0.6051627779006958","0.6051627779006958"
"87200","0.605117199420929","0.605117199420929","0.605117199420929"
"87300","0.6051269745826722","0.6051269745826722","0.6051269745826722"
"87400","0.6063867282867431","0.6063867282867431","0.6063867282867431"
"87500","0.6058105659484864","0.6058105659484864","0.6058105659484864"
"87600","0.6106120014190674","0.6106120014190674","0.6106120014190674"
"87700","0.6122200727462769","0.6122200727462769","0.6122200727462769"
"87800","0.6116471552848816","0.6116471552848816","0.6116471552848816"
"87900","0.605159523487091","0.605159523487091","0.605159523487091"
"88000","0.6097623896598816","0.6097623896598816","0.6097623896598816"
"88100","0.6127051067352295","0.6127051067352295","0.6127051067352295"
"88200","0.6139518404006958","0.6139518404006958","0.6139518404006958"
"88300","0.6083235812187194","0.6083235812187194","0.6083235812187194"
"88400","0.6178776216506958","0.6178776216506958","0.6178776216506958"
"88500","0.6139941620826721","0.6139941620826721","0.6139941620826721"
"88600","0.6185384297370911","0.6185384297370911","0.6185384297370911"
"88700","0.6103320455551148","0.6103320455551148","0.6103320455551148"
"88800","0.6169856905937194","0.6169856905937194","0.6169856905937194"
"88900","0.6155599164962768","0.6155599164962768","0.6155599164962768"
"89000","0.6167838716506958","0.6167838716506958","0.6167838716506958"
"89100","0.6200195503234863","0.6200195503234863","0.6200195503234863"
"89200","0.6173926019668579","0.6173926019668579","0.6173926019668579"
"89300","0.6141439008712769","0.6141439008712769","0.6141439008712769"
"89400","0.6199837446212768","0.6199837446212768","0.6199837446212768"
"89500","0.6215169501304626","0.6215169501304626","0.6215169501304626"
"89600","0.6196093964576721","0.6196093964576721","0.6196093964576721"
"89700","0.62091472864151","0.62091472864151","0.62091472864151"
"89800","0.6225228047370911","0.6225228047370911","0.6225228047370911"
"89900","0.6232910370826721","0.6232910370826721","0.6232910370826721"
"90000","0.6247265791893005","0.6247265791893005","0.6247265791893005"
"90100","0.6202278876304627","0.6202278876304627","0.6202278876304627"
"90200","0.6191406416893005","0.6191406416893005","0.6191406416893005"
"90300","0.6253190302848816","0.6253190302848816","0.6253190302848816"
"90400","0.6187988519668579","0.6187988519668579","0.6187988519668579"
"90500","0.6245735883712769","0.6245735883712769","0.6245735883712769"
"90600","0.6302148652076721","0.6302148652076721","0.6302148652076721"
"90700","0.6240299701690674","0.6240299701690674","0.6240299701690674"
"90800","0.6277604341506958","0.6277604341506958","0.6277604341506958"
"90900","0.6250390839576722","0.6250390839576722","0.6250390839576722"
"91000","0.629003930091858","0.629003930091858","0.629003930091858"
"91100","0.6319108271598816","0.6319108271598816","0.6319108271598816"
"91200","0.6340364789962769","0.6340364789962769","0.6340364789962769"
"91300","0.6304362225532532","0.6304362225532532","0.6304362225532532"
"91400","0.6305501461029053","0.6305501461029053","0.6305501461029053"
"91500","0.6282812762260437","0.6282812762260437","0.6282812762260437"
"91600","0.6356412982940673","0.6356412982940673","0.6356412982940673"
"91700","0.6371614718437195","0.6371614718437195","0.6371614718437195"
"91800","0.6324381732940674","0.6324381732940674","0.6324381732940674"
"91900","0.6305599188804627","0.6305599188804627","0.6305599188804627"
"92000","0.6321875190734864","0.6321875190734864","0.6321875190734864"
"92100","0.6372591352462769","0.6372591352462769","0.6372591352462769"
"92200","0.6288183784484863","0.6288183784484863","0.6288183784484863"
"92300","0.6365820479393005","0.6365820479393005","0.6365820479393005"
"92400","0.6329394745826721","0.6329394745826721","0.6329394745826721"
"92500","0.634384789466858","0.634384789466858","0.634384789466858"
"92600","0.6386133050918579","0.6386133050918579","0.6386133050918579"
"92700","0.6374479365348816","0.6374479365348816","0.6374479365348816"
"92800","0.6324967622756958","0.6324967622756958","0.6324967622756958"
"92900","0.6406901240348816","0.6406901240348816","0.6406901240348816"
"93000","0.64052410364151","0.64052410364151","0.64052410364151"
"93100","0.6391569209098816","0.6391569209098816","0.6391569209098816"
"93200","0.6413769745826721","0.6413769745826721","0.6413769745826721"
"93300","0.6346907711029053","0.6346907711029053","0.6346907711029053"
"93400","0.6425651288032532","0.6425651288032532","0.6425651288032532"
"93500","0.6351660346984863","0.6351660346984863","0.6351660346984863"
"93600","0.6452050971984863","0.6452050971984863","0.6452050971984863"
"93700","0.6403515791893005","0.6403515791893005","0.6403515791893005"
"93800","0.643245460987091","0.643245460987091","0.643245460987091"
"93900","0.6392024946212769","0.6392024946212769","0.6392024946212769"
"94000","0.6440494966506958","0.6440494966506958","0.6440494966506958"
"94100","0.6490136909484864","0.6490136909484864","0.6490136909484864"
"94200","0.6492871236801148","0.6492871236801148","0.6492871236801148"
"94300","0.63979168176651","0.63979168176651","0.63979168176651"
"94400","0.6455338764190673","0.6455338764190673","0.6455338764190673"
"94500","0.6362630367279053","0.6362630367279053","0.6362630367279053"
"94600","0.6435774898529053","0.6435774898529053","0.6435774898529053"
"94700","0.6490299725532531","0.6490299725532531","0.6490299725532531"
"94800","0.6448730635643005","0.6448730635643005","0.6448730635643005"
"94900","0.6456217622756958","0.6456217622756958","0.6456217622756958"
"95000","0.6449186372756958","0.6449186372756958","0.6449186372756958"
"95100","0.6516146016120911","0.6516146016120911","0.6516146016120911"
"95200","0.6461198091506958","0.6461198091506958","0.6461198091506958"
"95300","0.6477767181396484","0.6477767181396484","0.6477767181396484"
"95400","0.6444726729393006","0.6444726729393006","0.6444726729393006"
"95500","0.6471256685256958","0.6471256685256958","0.6471256685256958"
"95600","0.6518880367279053","0.6518880367279053","0.6518880367279053"
"95700","0.6535156464576721","0.6535156464576721","0.6535156464576721"
"95800","0.6503938984870911","0.6503938984870911","0.6503938984870911"
"95900","0.6467936396598816","0.6467936396598816","0.6467936396598816"
"96000","0.6493294477462769","0.6493294477462769","0.6493294477462769"
"96100","0.6461230611801148","0.6461230611801148","0.6461230611801148"
"96200","0.6474121284484863","0.6474121284484863","0.6474121284484863"
"96300","0.6515820503234864","0.6515820503234864","0.6515820503234864"
"96400","0.6553776288032531","0.6553776288032531","0.6553776288032531"
"96500","0.6542968964576721","0.6542968964576721","0.6542968964576721"
"96600","0.6445410370826721","0.6445410370826721","0.6445410370826721"
"96700","0.6504817891120911","0.6504817891120911","0.6504817891120911"
"96800","0.6490364837646484","0.6490364837646484","0.6490364837646484"
"96900","0.6496517133712768","0.6496517133712768","0.6496517133712768"
"97000","0.6531152558326722","0.6531152558326722","0.6531152558326722"
"97100","0.6461946797370911","0.6461946797370911","0.6461946797370911"
"97200","0.65582683801651","0.65582683801651","0.65582683801651"
"97300","0.6523600435256958","0.6523600435256958","0.6523600435256958"
"97400","0.6517448115348816","0.6517448115348816","0.6517448115348816"
"97500","0.6563444185256958","0.6563444185256958","0.6563444185256958"
"97600","0.65687175989151","0.65687175989151","0.65687175989151"
"97700","0.6562239789962768","0.6562239789962768","0.6562239789962768"
"97800","0.6532519769668579","0.6532519769668579","0.6532519769668579"
"97900","0.6580241131782532","0.6580241131782532","0.6580241131782532"
"98000","0.6604948139190674","0.6604948139190674","0.6604948139190674"
"98100","0.6580924677848816","0.6580924677848816","0.6580924677848816"
"98200","0.6486360883712768","0.6486360883712768","0.6486360883712768"
"98300","0.6538574433326722","0.6538574433326722","0.6538574433326722"
"98400","0.6623372626304627","0.6623372626304627","0.6623372626304627"
"98500","0.6531901240348816","0.6531901240348816","0.6531901240348816"
"98600","0.6533659029006958","0.6533659029006958","0.6533659029006958"
"98700","0.6514160394668579","0.6514160394668579","0.6514160394668579"
"98800","0.6620052242279053","0.6620052242279053","0.6620052242279053"
"98900","0.6596028780937195","0.6596028780937195","0.6596028780937195"
"99000","0.660686867237091","0.660686867237091","0.660686867237091"
"99100","0.6578320479393005","0.6578320479393005","0.6578320479393005"
"99200","0.6535286712646484","0.6535286712646484","0.6535286712646484"
"99300","0.6552376532554627","0.6552376532554627","0.6552376532554627"
"99400","0.6562402510643005","0.6562402510643005","0.6562402510643005"
"99500","0.6541569185256958","0.6541569185256958","0.6541569185256958"
"99600","0.6623144721984864","0.6623144721984864","0.6623144721984864"
"99700","0.6565527534484863","0.6565527534484863","0.6565527534484863"
"99800","0.6644433784484863","0.6644433784484863","0.6644433784484863"
"99900","0.6598437714576721","0.6598437714576721","0.6598437714576721"
"100000","0.6574870014190674","0.6574870014190674","0.6574870014190674"